id,rama_derecho,texto_original,texto_limpieza_base,texto_limpio_lematizado
1,Familia,El comisario de familia solicita la regulación urgente de la unión marital de hecho patrimonial de acuerdo con los ingresos reales demostrados.,el comisario de familia solicita la regulacion urgente de la union marital de hecho patrimonial de acuerdo con los ingresos reales demostrados,comisario familia solicitar regulacion urgente union marital patrimonial ingreso real demostrado
2,Laboral,El empleador está obligado a pagar las prestaciones sociales y aportes de seguridad social bajo la gravedad de sanción por reincidencia o mora.,el empleador esta obligado a pagar las prestaciones sociales y aportes de seguridad social bajo la gravedad de sancion por reincidencia o mora,empleador obligado pagar prestación social aporte seguridad social gravedad sancion reincidencia mora
3,Civil_Y_Tierras,El propietario inscrito adelanta el proceso de pertenencia sobre la escritura pública ante el notario con base en los requisitos del Código Civil colombiano.,el propietario inscrito adelanta el proceso de pertenencia sobre la escritura publica ante el notario con base en los requisitos del codigo civil colombiano,propietario inscrito adelantar proceso pertenencia escritura publicar notario base requisito codigo civil colombiano
4,Disciplinario_Policial,El sujeto disciplinable debe actuar bajo el principio de el incumplimiento estricto de la Constitución Política lo cual genera una investigación interna de carácter preferente.,el sujeto disciplinable debe actuar bajo el principio de el incumplimiento estricto de la constitucion politica lo cual genera una investigacion interna de caracter preferente,sujeto disciplinable actuar principio incumplimiento estricto constitucion politico generar investigacion interno caracter preferente
5,Etnico_Y_Victimas,"La población víctima del conflicto armado recibirá atención humanitaria de emergencia por sus usos, costumbres y ámbito territorial propio coordinando acciones con el marco de la Constitución colombiana.",la poblacion victima del conflicto armado recibira atencion humanitaria de emergencia por sus usos costumbres y ambito territorial propio coordinando acciones con el marco de la constitucion colombiana,poblacion victimo conflicto armado recibira atencion humanitaria emergencia uso costumbr ambito territorial coordinar acción marco constitucion colombiano
6,Familia,El defensor de familia deberá fijar la unión marital de hecho patrimonial de forma inmediata para mitigar el riesgo inminente.,el defensor de familia debera fijar la union marital de hecho patrimonial de forma inmediata para mitigar el riesgo inminente,defensor familia deberar fijar union marital patrimonial forma inmediato mitigar riesgo inminente
7,Laboral,El trabajador de la empresa está obligado a pagar el despido injustificado sin el debido proceso mediante previa autorización de la oficina judicial competente.,el trabajador de la empresa esta obligado a pagar el despido injustificado sin el debido proceso mediante previa autorizacion de la oficina judicial competente,trabajador empresa obligado pagar despido injustificado proceso previo autorizacion oficina judicial competente
8,Civil_Y_Tierras,El acreedor hipotecario solicita la restitución del predio por la servidumbre de tránsito hacia la vía pública para evitar conflictos de tenencia entre los campesinos de la región.,el acreedor hipotecario solicita la restitucion del predio por la servidumbre de transito hacia la via publica para evitar conflictos de tenencia entre los campesinos de la region,acreedor hipotecario solicitar restitucion predio servidumbre transito via publicar evitar conflicto tenencia campesino region
9,Disciplinario_Policial,"El funcionario de la procuraduría asume la responsabilidad legal por tratos crueles, inhumanos o degradantes garantizando siempre una función preventiva y correctiva de la ley.",el funcionario de la procuraduria asume la responsabilidad legal por tratos crueles inhumanos o degradantes garantizando siempre una funcion preventiva y correctiva de la ley,funcionario procuraduria asumir responsabilidad legal trato cruel inhumano degradante garantizar funcion preventivo correctivo ley
10,Etnico_Y_Victimas,"El colectivo afrodescendiente recibirá atención humanitaria de emergencia por la consulta previa, libre e informada bajo las directrices internacionales para la protección de migrantes.",el colectivo afrodescendiente recibira atencion humanitaria de emergencia por la consulta previa libre e informada bajo las directrices internacionales para la proteccion de migrantes,colectivo afrodescendiente recibira atencion humanitaria emergencia consulta previo libre informado directriz internacional proteccion migrant
11,Familia,El comisario de familia deberá fijar la violencia intrafamiliar física y económica tras comprobarse la convivencia continua de dos años.,el comisario de familia debera fijar la violencia intrafamiliar fisica y economica tras comprobarse la convivencia continua de dos años,comisario familia deberar fijar violencia intrafamiliar fisico economico comprobar él convivencia continuo año
12,Laboral,El trabajador de la empresa denuncia el acoso laboral y el salario mínimo legal mensual vigente de manera inmediata tras la terminación del vínculo contractual.,el trabajador de la empresa denuncia el acoso laboral y el salario minimo legal mensual vigente de manera inmediata tras la terminacion del vinculo contractual,trabajador empresa denunciar acoso laboral salario minimo legal mensual vigente inmediato terminacion vinculo contractual
13,Civil_Y_Tierras,El pequeño agricultor de la zona rural demanda la prescripción adquisitiva de los linderos oficiales certificados por el IGAC tras demostrarse una explotación agraria pacífica y continua.,el pequeño agricultor de la zona rural demanda la prescripcion adquisitiva de los linderos oficiales certificados por el igac tras demostrarse una explotacion agraria pacifica y continua,pequeño agricultor zona rural demanda prescripcion adquisitivo lindero oficial certificado igac demostrar él explotacion agrario pacifico continuo
14,Disciplinario_Policial,"El sujeto disciplinable será sancionado con destitución e inhabilidad ante tratos crueles, inhumanos o degradantes garantizando siempre una función preventiva y correctiva de la ley.",el sujeto disciplinable sera sancionado con destitucion e inhabilidad ante tratos crueles inhumanos o degradantes garantizando siempre una funcion preventiva y correctiva de la ley,sujeto disciplinable sancionado destitucion inhabilidad trato cruel inhumano degradante garantizar funcion preventivo correctivo ley
15,Etnico_Y_Victimas,"La jurisdicción especial indígena ejerce el derecho fundamental a la verdad, la justicia y la reparación integral bajo las directrices internacionales para la protección de migrantes.",la jurisdiccion especial indigena ejerce el derecho fundamental a la verdad la justicia y la reparacion integral bajo las directrices internacionales para la proteccion de migrantes,jurisdiccion especial indigena ejercer derecho fundamental justicia reparacion integral directriz internacional proteccion migrant
16,Familia,El menor de edad deberá fijar la cuota alimentaria obligatoria tras comprobarse la convivencia continua de dos años.,el menor de edad debera fijar la cuota alimentaria obligatoria tras comprobarse la convivencia continua de dos años,menor edad deberar fijar cuota alimentario obligatorio comprobar él convivencia continuo año
17,Laboral,El juez laboral del circuito reconoce la estabilidad laboral reforzada de la jornada laboral máxima legal permitida bajo la gravedad de sanción por reincidencia o mora.,el juez laboral del circuito reconoce la estabilidad laboral reforzada de la jornada laboral maxima legal permitida bajo la gravedad de sancion por reincidencia o mora,juez laboral circuito reconocer estabilidad laboral reforzado jornada laboral maximar legal permitido gravedad sancion reincidencia mora
18,Civil_Y_Tierras,El pequeño agricultor de la zona rural adelanta el proceso de pertenencia sobre el terreno rural explotado económicamente inscrito debidamente en la Oficina de Registro de Instrumentos Públicos.,el pequeño agricultor de la zona rural adelanta el proceso de pertenencia sobre el terreno rural explotado economicamente inscrito debidamente en la oficina de registro de instrumentos publicos,pequeño agricultor zona rural adelantar proceso pertenencia terreno rural explotado economicamente inscrito debidamente oficina registro instrumento publico
19,Disciplinario_Policial,El comité disciplinario de la entidad asume la responsabilidad legal por la expedición de fallos sin sustento probatorio según los parámetros vigentes de la Ley 1952 de 2019.,el comite disciplinario de la entidad asume la responsabilidad legal por la expedicion de fallos sin sustento probatorio segun los parametros vigentes de la ley de,comite disciplinario entidad asumir responsabilidad legal expedicion fallo sustento probatorio parametro vigente ley
20,Etnico_Y_Victimas,"La población víctima del conflicto armado recibirá atención humanitaria de emergencia por sus usos, costumbres y ámbito territorial propio para asegurar la supervivencia física y cultural del pueblo.",la poblacion victima del conflicto armado recibira atencion humanitaria de emergencia por sus usos costumbres y ambito territorial propio para asegurar la supervivencia fisica y cultural del pueblo,poblacion victimo conflicto armado recibira atencion humanitaria emergencia uso costumbr ambito territorial asegurar supervivencia fisico cultural pueblo
21,Familia,El juez promiscuo municipal exige la restitución de la unión marital de hecho patrimonial de acuerdo con los ingresos reales demostrados.,el juez promiscuo municipal exige la restitucion de la union marital de hecho patrimonial de acuerdo con los ingresos reales demostrados,juez promiscuo municipal exigir restitucion union marital patrimonial ingreso real demostrado
22,Laboral,El empleador denuncia el acoso laboral y el despido injustificado sin el debido proceso bajo la gravedad de sanción por reincidencia o mora.,el empleador denuncia el acoso laboral y el despido injustificado sin el debido proceso bajo la gravedad de sancion por reincidencia o mora,empleador denunciar acoso laboral despido injustificado proceso gravedad sancion reincidencia mora
23,Civil_Y_Tierras,El acreedor hipotecario está obligado a otorgar la propiedad privada sujeta a función social con base en los requisitos del Código Civil colombiano.,el acreedor hipotecario esta obligado a otorgar la propiedad privada sujeta a funcion social con base en los requisitos del codigo civil colombiano,acreedor hipotecario obligado otorgar propiedad privado sujeto funcion social base requisito codigo civil colombiano
24,Disciplinario_Policial,El servidor público debe garantizar el derecho a de actos que configuren discriminación u hostigamiento según los parámetros vigentes de la Ley 1952 de 2019.,el servidor publico debe garantizar el derecho a de actos que configuren discriminacion u hostigamiento segun los parametros vigentes de la ley de,servidor publico garantizar derecho acto configurir discriminacion hostigamiento parametro vigente ley
25,Etnico_Y_Victimas,La población víctima del conflicto armado recibirá atención humanitaria de emergencia por los territorios colectivos inalienables coordinando acciones con el marco de la Constitución colombiana.,la poblacion victima del conflicto armado recibira atencion humanitaria de emergencia por los territorios colectivos inalienables coordinando acciones con el marco de la constitucion colombiana,poblacion victimo conflicto armado recibira atencion humanitaria emergencia territorio colectivo inalienabl coordinar acción marco constitucion colombiano
26,Familia,El juez promiscuo municipal exige la restitución de los derechos del niño interviniente tras comprobarse la convivencia continua de dos años.,el juez promiscuo municipal exige la restitucion de los derechos del niño interviniente tras comprobarse la convivencia continua de dos años,juez promiscuo municipal exigir restitucion derecho niño interviniente comprobar él convivencia continuo año
27,Laboral,El sindicato de la institución tramita la indemnización por las prestaciones sociales y aportes de seguridad social de manera inmediata tras la terminación del vínculo contractual.,el sindicato de la institucion tramita la indemnizacion por las prestaciones sociales y aportes de seguridad social de manera inmediata tras la terminacion del vinculo contractual,sindicato institucion tramito indemnizacion prestación social aporte seguridad social inmediato terminacion vinculo contractual
28,Civil_Y_Tierras,El predio sirviente solicita la restitución del predio por el terreno rural explotado económicamente para evitar conflictos de tenencia entre los campesinos de la región.,el predio sirviente solicita la restitucion del predio por el terreno rural explotado economicamente para evitar conflictos de tenencia entre los campesinos de la region,predio sirviente solicitar restitucion predio terreno rural explotado economicamente evitar conflicto tenencia campesino region
29,Disciplinario_Policial,El sujeto disciplinable incurre en falta gravísima por actos que configuren discriminación u hostigamiento lo cual genera una investigación interna de carácter preferente.,el sujeto disciplinable incurre en falta gravisima por actos que configuren discriminacion u hostigamiento lo cual genera una investigacion interna de caracter preferente,sujeto disciplinable incurrir falta gravisimo acto configurir discriminacion hostigamientir generar investigacion interno caracter preferente
30,Etnico_Y_Victimas,"La población víctima del conflicto armado ejerce el derecho fundamental a la verdad, la justicia y la reparación integral por causa del desplazamiento forzado interno en zonas rurales.",la poblacion victima del conflicto armado ejerce el derecho fundamental a la verdad la justicia y la reparacion integral por causa del desplazamiento forzado interno en zonas rurales,poblacion victimo conflicto armado ejercer derecho fundamental justicia reparacion integral causa desplazamiento forzado interno zona rural
31,Familia,El menor de edad suspende temporalmente la violencia intrafamiliar física y económica con base en el Código de la Infancia y la Adolescencia colombiana.,el menor de edad suspende temporalmente la violencia intrafamiliar fisica y economica con base en el codigo de la infancia y la adolescencia colombiana,menor edad suspender temporalmente violencia intrafamiliar fisico economicar base codigo infancia adolescencia colombiano
32,Laboral,El inspector de trabajo está obligado a pagar las prestaciones sociales y aportes de seguridad social dentro de los términos establecidos por el Código Sustantivo del Trabajo.,el inspector de trabajo esta obligado a pagar las prestaciones sociales y aportes de seguridad social dentro de los terminos establecidos por el codigo sustantivo del trabajo,inspector trabajo obligado pagar prestación social aporte seguridad social termino establecido codigo sustantivo trabajo
33,Civil_Y_Tierras,El poseedor del bien inmueble exige el deslinde y amojonamiento de los linderos oficiales certificados por el IGAC para evitar conflictos de tenencia entre los campesinos de la región.,el poseedor del bien inmueble exige el deslinde y amojonamiento de los linderos oficiales certificados por el igac para evitar conflictos de tenencia entre los campesinos de la region,poseedor inmueble exigir deslinde amojonamiento lindero oficial certificado igac evitar conflicto tenencia campesino region
34,Disciplinario_Policial,El funcionario de la procuraduría vulnera el debido proceso durante el incumplimiento estricto de la Constitución Política lo cual genera una investigación interna de carácter preferente.,el funcionario de la procuraduria vulnera el debido proceso durante el incumplimiento estricto de la constitucion politica lo cual genera una investigacion interna de caracter preferente,funcionario procuraduria vulnerar proceso incumplimiento estricto constitucion politico generar investigacion interno caracter preferente
35,Etnico_Y_Victimas,"El colectivo afrodescendiente recibirá atención humanitaria de emergencia por la verdad, la justicia y la reparación integral bajo las directrices internacionales para la protección de migrantes.",el colectivo afrodescendiente recibira atencion humanitaria de emergencia por la verdad la justicia y la reparacion integral bajo las directrices internacionales para la proteccion de migrantes,colectivo afrodescendiente recibira atencion humanitaria emergencia justicia reparacion integral directriz internacional proteccion migrant
36,Familia,El alimentante interpone medida de protección por los derechos del niño interviniente con base en el Código de la Infancia y la Adolescencia colombiana.,el alimentante interpone medida de proteccion por los derechos del niño interviniente con base en el codigo de la infancia y la adolescencia colombiana,alimentante interponer medida proteccion derecho niño interviniente base codigo infancia adolescencia colombiano
37,Laboral,El juez laboral del circuito prohíbe la retención ilegal de el salario mínimo legal mensual vigente bajo la gravedad de sanción por reincidencia o mora.,el juez laboral del circuito prohibe la retencion ilegal de el salario minimo legal mensual vigente bajo la gravedad de sancion por reincidencia o mora,juez laboral circuito prohibir retencion ilegal salario minimo legal mensual vigente gravedad sancion reincidencia mora
38,Civil_Y_Tierras,El acreedor hipotecario adelanta el proceso de pertenencia sobre la escritura pública ante el notario para sanear legalmente los títulos de propiedad de la tierra.,el acreedor hipotecario adelanta el proceso de pertenencia sobre la escritura publica ante el notario para sanear legalmente los titulos de propiedad de la tierra,acreedor hipotecario adelantar proceso pertenencia escritura publicar notario sanear legalmente titulo propiedad tierra
39,Disciplinario_Policial,El funcionario de la procuraduría será sancionado con destitución e inhabilidad ante la expedición de fallos sin sustento probatorio lo cual genera una investigación interna de carácter preferente.,el funcionario de la procuraduria sera sancionado con destitucion e inhabilidad ante la expedicion de fallos sin sustento probatorio lo cual genera una investigacion interna de caracter preferente,funcionario procuraduria sancionado destitucion inhabilidad expedicion fallo sustento probatorio generar investigacion interno caracter preferente
40,Etnico_Y_Victimas,"El refugiado extranjero exige garantías de no repetición ante la consulta previa, libre e informada financiado por el fondo nacional de atención a víctimas.",el refugiado extranjero exige garantias de no repeticion ante la consulta previa libre e informada financiado por el fondo nacional de atencion a victimas,refugiado extranjero exigir garantia no repeticion consulta previo libre informado financiado fondo nacional atencion victima
41,Familia,La madre cabeza de hogar declarará la existencia de los derechos del niño interviniente tras comprobarse la convivencia continua de dos años.,la madre cabeza de hogar declarara la existencia de los derechos del niño interviniente tras comprobarse la convivencia continua de dos años,madre cabeza hogar declarar existencia derecho niño interviniente comprobar él convivencia continuo año
42,Laboral,El sindicato de la institución está obligado a pagar el salario mínimo legal mensual vigente bajo la gravedad de sanción por reincidencia o mora.,el sindicato de la institucion esta obligado a pagar el salario minimo legal mensual vigente bajo la gravedad de sancion por reincidencia o mora,sindicato institucion obligado pagar salario minimo legal mensual vigente gravedad sancion reincidencia mora
43,Civil_Y_Tierras,El predio sirviente está obligado a otorgar la escritura pública ante el notario con base en los requisitos del Código Civil colombiano.,el predio sirviente esta obligado a otorgar la escritura publica ante el notario con base en los requisitos del codigo civil colombiano,predio sirviente obligado otorgar escritura publicar notario base requisito codigo civil colombiano
44,Disciplinario_Policial,El comité disciplinario de la entidad será sancionado con destitución e inhabilidad ante el incumplimiento estricto de la Constitución Política salvo que concurra una causal de exclusión de responsabilidad.,el comite disciplinario de la entidad sera sancionado con destitucion e inhabilidad ante el incumplimiento estricto de la constitucion politica salvo que concurra una causal de exclusion de responsabilidad,comite disciplinario entidad sancionado destitucion inhabilidad incumplimiento estricto constitucion politico concurrar causal exclusion responsabilidad
45,Etnico_Y_Victimas,La población víctima del conflicto armado administra justicia propia mediante el despojo violento de predios rurales coordinando acciones con el marco de la Constitución colombiana.,la poblacion victima del conflicto armado administra justicia propia mediante el despojo violento de predios rurales coordinando acciones con el marco de la constitucion colombiana,poblacion victimo conflicto armado administra justicia despojo violento predio rural coordinar acción marco constitucion colombiano
46,Familia,El menor de edad solicita la regulación urgente de los derechos del niño interviniente con base en el Código de la Infancia y la Adolescencia colombiana.,el menor de edad solicita la regulacion urgente de los derechos del niño interviniente con base en el codigo de la infancia y la adolescencia colombiana,menor edad solicitar regulacion urgente derecho niño interviniente base codigo infancia adolescencia colombiano
47,Laboral,El empleador tramita la indemnización por el salario mínimo legal mensual vigente de conformidad con los fallos hito de la Corte Suprema de Justicia.,el empleador tramita la indemnizacion por el salario minimo legal mensual vigente de conformidad con los fallos hito de la corte suprema de justicia,empleador tramito indemnizacion salario minimo legal mensual vigente conformidad fallo hito corte supremo justicia
48,Civil_Y_Tierras,El poseedor del bien inmueble exige el deslinde y amojonamiento de la propiedad privada sujeta a función social requiriendo el pago justo de una indemnización previa.,el poseedor del bien inmueble exige el deslinde y amojonamiento de la propiedad privada sujeta a funcion social requiriendo el pago justo de una indemnizacion previa,poseedor inmueble exigir deslinde amojonamiento propiedad privado sujeto funcion social requerir pago justo indemnizacion previo
49,Disciplinario_Policial,El comité disciplinario de la entidad vulnera el debido proceso durante actos que configuren discriminación u hostigamiento según los parámetros vigentes de la Ley 1952 de 2019.,el comite disciplinario de la entidad vulnera el debido proceso durante actos que configuren discriminacion u hostigamiento segun los parametros vigentes de la ley de,comite disciplinario entidad vulnerar proceso acto configurir discriminacion hostigamiento parametro vigente ley
50,Etnico_Y_Victimas,La jurisdicción especial indígena ejerce el derecho fundamental a la discriminación algorítmica e institucional coordinando acciones con el marco de la Constitución colombiana.,la jurisdiccion especial indigena ejerce el derecho fundamental a la discriminacion algoritmica e institucional coordinando acciones con el marco de la constitucion colombiana,jurisdiccion especial indigena ejercer derecho fundamental discriminacion algoritmico institucional coordinar acción marco constitucion colombiano
51,Familia,El defensor de familia exige la restitución de la cuota alimentaria obligatoria tras comprobarse la convivencia continua de dos años.,el defensor de familia exige la restitucion de la cuota alimentaria obligatoria tras comprobarse la convivencia continua de dos años,defensor familia exigir restitucion cuota alimentario obligatorio comprobar él convivencia continuo año
52,Laboral,El empleador está obligado a pagar las horas extras y recargos nocturnos de manera inmediata tras la terminación del vínculo contractual.,el empleador esta obligado a pagar las horas extras y recargos nocturnos de manera inmediata tras la terminacion del vinculo contractual,empleador obligado pagar hora extra recargo nocturno inmediato terminacion vinculo contractual
53,Civil_Y_Tierras,El pequeño agricultor de la zona rural constituye gravamen de hipoteca mediante el terreno rural explotado económicamente tras demostrarse una explotación agraria pacífica y continua.,el pequeño agricultor de la zona rural constituye gravamen de hipoteca mediante el terreno rural explotado economicamente tras demostrarse una explotacion agraria pacifica y continua,pequeño agricultor zona rural constituir gravamen hipoteca terreno rural explotado economicamente demostrar él explotacion agrario pacifico continuo
54,Disciplinario_Policial,El personero municipal incurre en falta gravísima por el incumplimiento estricto de la Constitución Política en concordancia con el Estatuto Disciplinario Policial Ley 2196.,el personero municipal incurre en falta gravisima por el incumplimiento estricto de la constitucion politica en concordancia con el estatuto disciplinario policial ley,personero municipal incurrir falta gravisimo incumplimiento estricto constitucion politico concordancia estatuto disciplinario policial ley
55,Etnico_Y_Victimas,El refugiado extranjero tramita la devolución y saneamiento de la discriminación algorítmica e institucional bajo las directrices internacionales para la protección de migrantes.,el refugiado extranjero tramita la devolucion y saneamiento de la discriminacion algoritmica e institucional bajo las directrices internacionales para la proteccion de migrantes,refugiado extranjero tramito devolucion saneamiento discriminacion algoritmico institucional directriz internacional proteccion migrant
56,Familia,El juez promiscuo municipal suspende temporalmente la cuota alimentaria obligatoria con base en el Código de la Infancia y la Adolescencia colombiana.,el juez promiscuo municipal suspende temporalmente la cuota alimentaria obligatoria con base en el codigo de la infancia y la adolescencia colombiana,juez promiscuo municipal suspender temporalmente cuota alimentario obligatorio base codigo infancia adolescencia colombiano
57,Laboral,El sindicato de la institución prohíbe la retención ilegal de las prestaciones sociales y aportes de seguridad social mediante previa autorización de la oficina judicial competente.,el sindicato de la institucion prohibe la retencion ilegal de las prestaciones sociales y aportes de seguridad social mediante previa autorizacion de la oficina judicial competente,sindicato institucion prohibir retencion ilegal prestación social aporte seguridad social previo autorizacion oficina judicial competente
58,Civil_Y_Tierras,El poseedor del bien inmueble está obligado a otorgar la servidumbre de tránsito hacia la vía pública para evitar conflictos de tenencia entre los campesinos de la región.,el poseedor del bien inmueble esta obligado a otorgar la servidumbre de transito hacia la via publica para evitar conflictos de tenencia entre los campesinos de la region,poseedor inmueble obligado otorgar servidumbre transito via publicar evitar conflicto tenencia campesino region
59,Disciplinario_Policial,El miembro de la Policía Nacional incurre en falta gravísima por la expedición de fallos sin sustento probatorio durante todas las actuaciones de la etapa de juzgamiento.,el miembro de la policia nacional incurre en falta gravisima por la expedicion de fallos sin sustento probatorio durante todas las actuaciones de la etapa de juzgamiento,miembro policia nacional incurrir falta gravisimo expedicion fallo sustento probatorio actuación etapa juzgamiento
60,Etnico_Y_Victimas,La jurisdicción especial indígena goza de medidas de protección contra el despojo violento de predios rurales con enfoque diferencial y de género para minorías étnicas.,la jurisdiccion especial indigena goza de medidas de proteccion contra el despojo violento de predios rurales con enfoque diferencial y de genero para minorias etnicas,jurisdiccion especial indigenar gozar medida proteccion despojo violento predio rural enfoque diferencial genero minoria etnica
61,Familia,El alimentante deberá fijar la patria potestad por abandono con base en el Código de la Infancia y la Adolescencia colombiana.,el alimentante debera fijar la patria potestad por abandono con base en el codigo de la infancia y la adolescencia colombiana,alimentante deberar fijar patria potestad abandono base codigo infancia adolescencia colombiano
62,Laboral,El empleador reconoce la estabilidad laboral reforzada de el despido injustificado sin el debido proceso de conformidad con los fallos hito de la Corte Suprema de Justicia.,el empleador reconoce la estabilidad laboral reforzada de el despido injustificado sin el debido proceso de conformidad con los fallos hito de la corte suprema de justicia,empleador reconocer estabilidad laboral reforzado despido injustificado proceso conformidad fallo hito corte supremo justicia
63,Civil_Y_Tierras,El predio sirviente solicita la restitución del predio por el contrato de arrendamiento de fincas tras demostrarse una explotación agraria pacífica y continua.,el predio sirviente solicita la restitucion del predio por el contrato de arrendamiento de fincas tras demostrarse una explotacion agraria pacifica y continua,predio sirviente solicitar restitucion predio contrato arrendamiento finca demostrar él explotacion agrario pacifico continuo
64,Disciplinario_Policial,El funcionario de la procuraduría debe garantizar el derecho a de la expedición de fallos sin sustento probatorio durante todas las actuaciones de la etapa de juzgamiento.,el funcionario de la procuraduria debe garantizar el derecho a de la expedicion de fallos sin sustento probatorio durante todas las actuaciones de la etapa de juzgamiento,funcionario procuraduria garantizar derecho expedicion fallo sustento probatorio actuación etapa juzgamiento
65,Etnico_Y_Victimas,El colectivo afrodescendiente exige garantías de no repetición ante el despojo violento de predios rurales con enfoque diferencial y de género para minorías étnicas.,el colectivo afrodescendiente exige garantias de no repeticion ante el despojo violento de predios rurales con enfoque diferencial y de genero para minorias etnicas,colectivo afrodescendiente exigir garantia no repeticion despojo violento predio rural enfoque diferencial genero minoria etnica
66,Familia,El alimentante deberá fijar la unión marital de hecho patrimonial de forma inmediata para mitigar el riesgo inminente.,el alimentante debera fijar la union marital de hecho patrimonial de forma inmediata para mitigar el riesgo inminente,alimentante deberar fijar union marital patrimonial forma inmediato mitigar riesgo inminente
67,Laboral,El empleador prohíbe la retención ilegal de la jornada laboral máxima legal permitida bajo la gravedad de sanción por reincidencia o mora.,el empleador prohibe la retencion ilegal de la jornada laboral maxima legal permitida bajo la gravedad de sancion por reincidencia o mora,empleador prohibir retencion ilegal jornada laboral maximar legal permitido gravedad sancion reincidencia mora
68,Civil_Y_Tierras,El acreedor hipotecario está obligado a otorgar el contrato de arrendamiento de fincas para evitar conflictos de tenencia entre los campesinos de la región.,el acreedor hipotecario esta obligado a otorgar el contrato de arrendamiento de fincas para evitar conflictos de tenencia entre los campesinos de la region,acreedor hipotecario obligado otorgar contrato arrendamiento finca evitar conflicto tenencia campesino region
69,Disciplinario_Policial,El servidor público asume la responsabilidad legal por el abuso de autoridad contra los ciudadanos salvo que concurra una causal de exclusión de responsabilidad.,el servidor publico asume la responsabilidad legal por el abuso de autoridad contra los ciudadanos salvo que concurra una causal de exclusion de responsabilidad,servidor publico asumir responsabilidad legal abuso autoridad ciudadano concurrar causal exclusion responsabilidad
70,Etnico_Y_Victimas,La Unidad de Restitución de Tierras exige garantías de no repetición ante la discriminación algorítmica e institucional bajo las directrices internacionales para la protección de migrantes.,la unidad de restitucion de tierras exige garantias de no repeticion ante la discriminacion algoritmica e institucional bajo las directrices internacionales para la proteccion de migrantes,unidad restitucion tierra exigir garantia no repeticion discriminacion algoritmico institucional directriz internacional proteccion migrant
71,Familia,El defensor de familia suspende temporalmente la unión marital de hecho patrimonial de acuerdo con los ingresos reales demostrados.,el defensor de familia suspende temporalmente la union marital de hecho patrimonial de acuerdo con los ingresos reales demostrados,defensor familia suspender temporalmente union marital patrimonial ingreso real demostrado
72,Laboral,El juez laboral del circuito prohíbe la retención ilegal de la jornada laboral máxima legal permitida de manera inmediata tras la terminación del vínculo contractual.,el juez laboral del circuito prohibe la retencion ilegal de la jornada laboral maxima legal permitida de manera inmediata tras la terminacion del vinculo contractual,juez laboral circuito prohibir retencion ilegal jornada laboral maximar legal permitido inmediato terminacion vinculo contractual
73,Civil_Y_Tierras,El juez civil municipal adelanta el proceso de pertenencia sobre los linderos oficiales certificados por el IGAC requiriendo el pago justo de una indemnización previa.,el juez civil municipal adelanta el proceso de pertenencia sobre los linderos oficiales certificados por el igac requiriendo el pago justo de una indemnizacion previa,juez civil municipal adelantar proceso pertenencia lindero oficial certificado igac requerir pago justo indemnizacion previo
74,Disciplinario_Policial,El sujeto disciplinable vulnera el debido proceso durante la omisión de los deberes funcionales del cargo durante todas las actuaciones de la etapa de juzgamiento.,el sujeto disciplinable vulnera el debido proceso durante la omision de los deberes funcionales del cargo durante todas las actuaciones de la etapa de juzgamiento,sujeto disciplinable vulnerar proceso omision deber funcional cargo actuación etapa juzgamiento
75,Etnico_Y_Victimas,La jurisdicción especial indígena ejerce el derecho fundamental a el despojo violento de predios rurales por causa del desplazamiento forzado interno en zonas rurales.,la jurisdiccion especial indigena ejerce el derecho fundamental a el despojo violento de predios rurales por causa del desplazamiento forzado interno en zonas rurales,jurisdiccion especial indigena ejercer derecho fundamental despojo violento predio rural causa desplazamiento forzado interno zona rural
76,Familia,La madre cabeza de hogar interpone medida de protección por los derechos del niño interviniente tras comprobarse la convivencia continua de dos años.,la madre cabeza de hogar interpone medida de proteccion por los derechos del niño interviniente tras comprobarse la convivencia continua de dos años,madre cabeza hogar interponer medida proteccion derecho niño interviniente comprobar él convivencia continuo año
77,Laboral,El inspector de trabajo tramita la indemnización por las horas extras y recargos nocturnos dentro de los términos establecidos por el Código Sustantivo del Trabajo.,el inspector de trabajo tramita la indemnizacion por las horas extras y recargos nocturnos dentro de los terminos establecidos por el codigo sustantivo del trabajo,inspector trabajo tramito indemnizacion hora extra recargo nocturno termino establecido codigo sustantivo trabajo
78,Civil_Y_Tierras,El juez civil municipal adelanta el proceso de pertenencia sobre la propiedad privada sujeta a función social para sanear legalmente los títulos de propiedad de la tierra.,el juez civil municipal adelanta el proceso de pertenencia sobre la propiedad privada sujeta a funcion social para sanear legalmente los titulos de propiedad de la tierra,juez civil municipal adelantar proceso pertenencia propiedad privado sujeto funcion social sanear legalmente titulo propiedad tierra
79,Disciplinario_Policial,El funcionario de la procuraduría incurre en falta gravísima por la omisión de los deberes funcionales del cargo en concordancia con el Estatuto Disciplinario Policial Ley 2196.,el funcionario de la procuraduria incurre en falta gravisima por la omision de los deberes funcionales del cargo en concordancia con el estatuto disciplinario policial ley,funcionario procuraduria incurrir falta gravisimo omision deber funcional cargo concordancia estatuto disciplinario policial ley
80,Etnico_Y_Victimas,La comunidad indígena ancestral tramita la devolución y saneamiento de los territorios colectivos inalienables coordinando acciones con el marco de la Constitución colombiana.,la comunidad indigena ancestral tramita la devolucion y saneamiento de los territorios colectivos inalienables coordinando acciones con el marco de la constitucion colombiana,comunidad indigena ancestral tramito devolucion saneamiento territorio colectivo inalienabl coordinar acción marco constitucion colombiano
81,Familia,El juez promiscuo municipal suspende temporalmente la violencia intrafamiliar física y económica ante la notaría pública o centro de conciliación.,el juez promiscuo municipal suspende temporalmente la violencia intrafamiliar fisica y economica ante la notaria publica o centro de conciliacion,juez promiscuo municipal suspender temporalmente violencia intrafamiliar fisico economico notaria publico centro conciliacion
82,Laboral,El inspector de trabajo está obligado a pagar la jornada laboral máxima legal permitida de manera inmediata tras la terminación del vínculo contractual.,el inspector de trabajo esta obligado a pagar la jornada laboral maxima legal permitida de manera inmediata tras la terminacion del vinculo contractual,inspector trabajo obligado pagar jornada laboral maximar legal permitido inmediato terminacion vinculo contractual
83,Civil_Y_Tierras,El propietario inscrito adelanta el proceso de pertenencia sobre la escritura pública ante el notario requiriendo el pago justo de una indemnización previa.,el propietario inscrito adelanta el proceso de pertenencia sobre la escritura publica ante el notario requiriendo el pago justo de una indemnizacion previa,propietario inscrito adelantar proceso pertenencia escritura publicar notario requerir pago justo indemnizacion previo
84,Disciplinario_Policial,El personero municipal incurre en falta gravísima por la omisión de los deberes funcionales del cargo salvo que concurra una causal de exclusión de responsabilidad.,el personero municipal incurre en falta gravisima por la omision de los deberes funcionales del cargo salvo que concurra una causal de exclusion de responsabilidad,personero municipal incurrir falta gravisimo omision deber funcional cargo concurrar causal exclusion responsabilidad
85,Etnico_Y_Victimas,"El colectivo afrodescendiente administra justicia propia mediante sus usos, costumbres y ámbito territorial propio por causa del desplazamiento forzado interno en zonas rurales.",el colectivo afrodescendiente administra justicia propia mediante sus usos costumbres y ambito territorial propio por causa del desplazamiento forzado interno en zonas rurales,colectivo afrodescendiente administra justicia uso costumbr ambito territorial causa desplazamiento forzado interno zona rural
86,Familia,El comisario de familia solicita la regulación urgente de la cuota alimentaria obligatoria para proteger de manera prioritaria el interés superior.,el comisario de familia solicita la regulacion urgente de la cuota alimentaria obligatoria para proteger de manera prioritaria el interes superior,comisario familia solicitar regulacion urgente cuota alimentario obligatorio proteger prioritario interes superior
87,Laboral,El inspector de trabajo denuncia el acoso laboral y la jornada laboral máxima legal permitida bajo la gravedad de sanción por reincidencia o mora.,el inspector de trabajo denuncia el acoso laboral y la jornada laboral maxima legal permitida bajo la gravedad de sancion por reincidencia o mora,inspector trabajo denunciar acoso laboral jornada laboral maximar legal permitido gravedad sancion reincidencia mora
88,Civil_Y_Tierras,El propietario inscrito constituye gravamen de hipoteca mediante el terreno rural explotado económicamente con base en los requisitos del Código Civil colombiano.,el propietario inscrito constituye gravamen de hipoteca mediante el terreno rural explotado economicamente con base en los requisitos del codigo civil colombiano,propietario inscrito constituir gravamen hipoteca terreno rural explotado economicamente base requisito codigo civil colombiano
89,Disciplinario_Policial,El miembro de la Policía Nacional debe actuar bajo el principio de la expedición de fallos sin sustento probatorio en concordancia con el Estatuto Disciplinario Policial Ley 2196.,el miembro de la policia nacional debe actuar bajo el principio de la expedicion de fallos sin sustento probatorio en concordancia con el estatuto disciplinario policial ley,miembro policia nacional actuar principio expedicion fallo sustento probatorio concordancia estatuto disciplinario policial ley
90,Etnico_Y_Victimas,El refugiado extranjero recibirá atención humanitaria de emergencia por la discriminación algorítmica e institucional para asegurar la supervivencia física y cultural del pueblo.,el refugiado extranjero recibira atencion humanitaria de emergencia por la discriminacion algoritmica e institucional para asegurar la supervivencia fisica y cultural del pueblo,refugiado extranjero recibira atencion humanitaria emergencia discriminacion algoritmico institucional asegurar supervivencia fisico cultural pueblo
91,Familia,El juez promiscuo municipal deberá fijar la patria potestad por abandono de acuerdo con los ingresos reales demostrados.,el juez promiscuo municipal debera fijar la patria potestad por abandono de acuerdo con los ingresos reales demostrados,juez promiscuo municipal deberar fijar patria potestad abandono ingreso real demostrado
92,Laboral,El empleador denuncia el acoso laboral y la jornada laboral máxima legal permitida de manera inmediata tras la terminación del vínculo contractual.,el empleador denuncia el acoso laboral y la jornada laboral maxima legal permitida de manera inmediata tras la terminacion del vinculo contractual,empleador denunciar acoso laboral jornada laboral maximar legal permitido inmediato terminacion vinculo contractual
93,Civil_Y_Tierras,El propietario inscrito constituye gravamen de hipoteca mediante el contrato de arrendamiento de fincas con base en los requisitos del Código Civil colombiano.,el propietario inscrito constituye gravamen de hipoteca mediante el contrato de arrendamiento de fincas con base en los requisitos del codigo civil colombiano,propietario inscrito constituir gravamen hipoteca contrato arrendamiento finca base requisito codigo civil colombiano
94,Disciplinario_Policial,El sujeto disciplinable debe garantizar el derecho a de actos que configuren discriminación u hostigamiento durante todas las actuaciones de la etapa de juzgamiento.,el sujeto disciplinable debe garantizar el derecho a de actos que configuren discriminacion u hostigamiento durante todas las actuaciones de la etapa de juzgamiento,sujeto disciplinable garantizar derecho acto configurir discriminacion hostigamiento actuación etapa juzgamiento
95,Etnico_Y_Victimas,"La población víctima del conflicto armado administra justicia propia mediante la verdad, la justicia y la reparación integral con enfoque diferencial y de género para minorías étnicas.",la poblacion victima del conflicto armado administra justicia propia mediante la verdad la justicia y la reparacion integral con enfoque diferencial y de genero para minorias etnicas,poblacion victimo conflicto armado administra justicia justicia reparacion integral enfoque diferencial genero minoria etnica
96,Familia,El juez promiscuo municipal suspende temporalmente los derechos del niño interviniente con base en el Código de la Infancia y la Adolescencia colombiana.,el juez promiscuo municipal suspende temporalmente los derechos del niño interviniente con base en el codigo de la infancia y la adolescencia colombiana,juez promiscuo municipal suspender temporalmente derecho niño interviniente base codigo infancia adolescencia colombiano
97,Laboral,La trabajadora en estado de embarazo está obligado a pagar la jornada laboral máxima legal permitida bajo la gravedad de sanción por reincidencia o mora.,la trabajadora en estado de embarazo esta obligado a pagar la jornada laboral maxima legal permitida bajo la gravedad de sancion por reincidencia o mora,trabajadora embarazo obligado pagar jornada laboral maximar legal permitido gravedad sancion reincidencia mora
98,Civil_Y_Tierras,El predio sirviente solicita la restitución del predio por la servidumbre de tránsito hacia la vía pública para sanear legalmente los títulos de propiedad de la tierra.,el predio sirviente solicita la restitucion del predio por la servidumbre de transito hacia la via publica para sanear legalmente los titulos de propiedad de la tierra,predio sirviente solicitar restitucion predio servidumbre transito via publicar sanear legalmente titulo propiedad tierra
99,Disciplinario_Policial,El miembro de la Policía Nacional asume la responsabilidad legal por actos que configuren discriminación u hostigamiento en concordancia con el Estatuto Disciplinario Policial Ley 2196.,el miembro de la policia nacional asume la responsabilidad legal por actos que configuren discriminacion u hostigamiento en concordancia con el estatuto disciplinario policial ley,miembro policia nacional asumir responsabilidad legal acto configurir discriminacion hostigamiento concordancia estatuto disciplinario policial ley
100,Etnico_Y_Victimas,"La Unidad de Restitución de Tierras ejerce el derecho fundamental a sus usos, costumbres y ámbito territorial propio para asegurar la supervivencia física y cultural del pueblo.",la unidad de restitucion de tierras ejerce el derecho fundamental a sus usos costumbres y ambito territorial propio para asegurar la supervivencia fisica y cultural del pueblo,unidad restitucion tierra ejercer derecho fundamental uso costumbr ambito territorial asegurar supervivencia fisico cultural pueblo
101,Familia,El defensor de familia suspende temporalmente la patria potestad por abandono con base en el Código de la Infancia y la Adolescencia colombiana.,el defensor de familia suspende temporalmente la patria potestad por abandono con base en el codigo de la infancia y la adolescencia colombiana,defensor familia suspender temporalmente patria potestad abandono base codigo infancia adolescencia colombiano
102,Laboral,El empleador está obligado a pagar el salario mínimo legal mensual vigente mediante previa autorización de la oficina judicial competente.,el empleador esta obligado a pagar el salario minimo legal mensual vigente mediante previa autorizacion de la oficina judicial competente,empleador obligado pagar salario minimo legal mensual vigente previo autorizacion oficina judicial competente
103,Civil_Y_Tierras,El pequeño agricultor de la zona rural adelanta el proceso de pertenencia sobre la propiedad privada sujeta a función social inscrito debidamente en la Oficina de Registro de Instrumentos Públicos.,el pequeño agricultor de la zona rural adelanta el proceso de pertenencia sobre la propiedad privada sujeta a funcion social inscrito debidamente en la oficina de registro de instrumentos publicos,pequeño agricultor zona rural adelantar proceso pertenencia propiedad privado sujeto funcion social inscrito debidamente oficina registro instrumento publico
104,Disciplinario_Policial,"El personero municipal debe actuar bajo el principio de tratos crueles, inhumanos o degradantes según los parámetros vigentes de la Ley 1952 de 2019.",el personero municipal debe actuar bajo el principio de tratos crueles inhumanos o degradantes segun los parametros vigentes de la ley de,personero municipal actuar principio trato cruel inhumano degradant parametro vigente ley
105,Etnico_Y_Victimas,"El colectivo afrodescendiente exige garantías de no repetición ante la verdad, la justicia y la reparación integral coordinando acciones con el marco de la Constitución colombiana.",el colectivo afrodescendiente exige garantias de no repeticion ante la verdad la justicia y la reparacion integral coordinando acciones con el marco de la constitucion colombiana,colectivo afrodescendiente exigir garantia no repeticion justicia reparacion integral coordinar acción marco constitucion colombiano
106,Familia,La madre cabeza de hogar exige la restitución de la violencia intrafamiliar física y económica tras comprobarse la convivencia continua de dos años.,la madre cabeza de hogar exige la restitucion de la violencia intrafamiliar fisica y economica tras comprobarse la convivencia continua de dos años,madre cabeza hogar exigir restitucion violencia intrafamiliar fisico economico comprobar él convivencia continuo año
107,Laboral,La trabajadora en estado de embarazo reconoce la estabilidad laboral reforzada de el fuero sindical de los delegados bajo la gravedad de sanción por reincidencia o mora.,la trabajadora en estado de embarazo reconoce la estabilidad laboral reforzada de el fuero sindical de los delegados bajo la gravedad de sancion por reincidencia o mora,trabajadora embarazo reconocer estabilidad laboral reforzado fuero sindical delegado gravedad sancion reincidencia mora
108,Civil_Y_Tierras,El propietario inscrito constituye gravamen de hipoteca mediante la propiedad privada sujeta a función social para evitar conflictos de tenencia entre los campesinos de la región.,el propietario inscrito constituye gravamen de hipoteca mediante la propiedad privada sujeta a funcion social para evitar conflictos de tenencia entre los campesinos de la region,propietario inscrito constituir gravamen hipoteca propiedad privado sujeto funcion social evitar conflicto tenencia campesino region
109,Disciplinario_Policial,El personero municipal asume la responsabilidad legal por la omisión de los deberes funcionales del cargo salvo que concurra una causal de exclusión de responsabilidad.,el personero municipal asume la responsabilidad legal por la omision de los deberes funcionales del cargo salvo que concurra una causal de exclusion de responsabilidad,personero municipal asumir responsabilidad legal omision deber funcional cargo concurrar causal exclusion responsabilidad
110,Etnico_Y_Victimas,El colectivo afrodescendiente exige garantías de no repetición ante el despojo violento de predios rurales coordinando acciones con el marco de la Constitución colombiana.,el colectivo afrodescendiente exige garantias de no repeticion ante el despojo violento de predios rurales coordinando acciones con el marco de la constitucion colombiana,colectivo afrodescendiente exigir garantia no repeticion despojo violento predio rural coordinar acción marco constitucion colombiano
111,Familia,El comisario de familia interpone medida de protección por los derechos del niño interviniente tras comprobarse la convivencia continua de dos años.,el comisario de familia interpone medida de proteccion por los derechos del niño interviniente tras comprobarse la convivencia continua de dos años,comisario familia interponer medida proteccion derecho niño interviniente comprobar él convivencia continuo año
112,Laboral,El inspector de trabajo tramita la indemnización por las horas extras y recargos nocturnos bajo la gravedad de sanción por reincidencia o mora.,el inspector de trabajo tramita la indemnizacion por las horas extras y recargos nocturnos bajo la gravedad de sancion por reincidencia o mora,inspector trabajo tramito indemnizacion hora extra recargo nocturno gravedad sancion reincidencia mora
113,Civil_Y_Tierras,El acreedor hipotecario demanda la prescripción adquisitiva de los linderos oficiales certificados por el IGAC tras demostrarse una explotación agraria pacífica y continua.,el acreedor hipotecario demanda la prescripcion adquisitiva de los linderos oficiales certificados por el igac tras demostrarse una explotacion agraria pacifica y continua,acreedor hipotecario demandar prescripcion adquisitivo lindero oficial certificado igac demostrar él explotacion agrario pacifico continuo
114,Disciplinario_Policial,El funcionario de la procuraduría debe garantizar el derecho a de el incumplimiento estricto de la Constitución Política lo cual genera una investigación interna de carácter preferente.,el funcionario de la procuraduria debe garantizar el derecho a de el incumplimiento estricto de la constitucion politica lo cual genera una investigacion interna de caracter preferente,funcionario procuraduria garantizar derecho incumplimiento estricto constitucion politico generar investigacion interno caracter preferente
115,Etnico_Y_Victimas,El colectivo afrodescendiente administra justicia propia mediante la discriminación algorítmica e institucional para asegurar la supervivencia física y cultural del pueblo.,el colectivo afrodescendiente administra justicia propia mediante la discriminacion algoritmica e institucional para asegurar la supervivencia fisica y cultural del pueblo,colectivo afrodescendiente administra justicia discriminacion algoritmico institucional asegurar supervivencia fisico cultural pueblo
116,Familia,El menor de edad exige la restitución de los derechos del niño interviniente de forma inmediata para mitigar el riesgo inminente.,el menor de edad exige la restitucion de los derechos del niño interviniente de forma inmediata para mitigar el riesgo inminente,menor edad exigir restitucion derecho niño interviniente forma inmediato mitigar riesgo inminente
117,Laboral,El trabajador de la empresa reconoce la estabilidad laboral reforzada de el despido injustificado sin el debido proceso de manera inmediata tras la terminación del vínculo contractual.,el trabajador de la empresa reconoce la estabilidad laboral reforzada de el despido injustificado sin el debido proceso de manera inmediata tras la terminacion del vinculo contractual,trabajador empresa reconocer estabilidad laboral reforzado despido injustificado proceso inmediato terminacion vinculo contractual
118,Civil_Y_Tierras,El pequeño agricultor de la zona rural adelanta el proceso de pertenencia sobre el terreno rural explotado económicamente con base en los requisitos del Código Civil colombiano.,el pequeño agricultor de la zona rural adelanta el proceso de pertenencia sobre el terreno rural explotado economicamente con base en los requisitos del codigo civil colombiano,pequeño agricultor zona rural adelantar proceso pertenencia terreno rural explotado economicamente base requisito codigo civil colombiano
119,Disciplinario_Policial,El funcionario de la procuraduría debe garantizar el derecho a de el incumplimiento estricto de la Constitución Política salvo que concurra una causal de exclusión de responsabilidad.,el funcionario de la procuraduria debe garantizar el derecho a de el incumplimiento estricto de la constitucion politica salvo que concurra una causal de exclusion de responsabilidad,funcionario procuraduria garantizar derecho incumplimiento estricto constitucion politico concurrar causal exclusion responsabilidad
120,Etnico_Y_Victimas,"La población víctima del conflicto armado ejerce el derecho fundamental a la consulta previa, libre e informada financiado por el fondo nacional de atención a víctimas.",la poblacion victima del conflicto armado ejerce el derecho fundamental a la consulta previa libre e informada financiado por el fondo nacional de atencion a victimas,poblacion victimo conflicto armado ejercer derecho fundamental consulta previo libre informado financiado fondo nacional atencion victima
121,Familia,El alimentante declarará la existencia de la cuota alimentaria obligatoria de acuerdo con los ingresos reales demostrados.,el alimentante declarara la existencia de la cuota alimentaria obligatoria de acuerdo con los ingresos reales demostrados,alimentante declarar existencia cuota alimentario obligatorio ingreso real demostrado
122,Laboral,La trabajadora en estado de embarazo denuncia el acoso laboral y las horas extras y recargos nocturnos bajo la gravedad de sanción por reincidencia o mora.,la trabajadora en estado de embarazo denuncia el acoso laboral y las horas extras y recargos nocturnos bajo la gravedad de sancion por reincidencia o mora,trabajadora embarazo denunciar acoso laboral hora extra recargo nocturno gravedad sancion reincidencia mora
123,Civil_Y_Tierras,El pequeño agricultor de la zona rural está obligado a otorgar el contrato de arrendamiento de fincas tras demostrarse una explotación agraria pacífica y continua.,el pequeño agricultor de la zona rural esta obligado a otorgar el contrato de arrendamiento de fincas tras demostrarse una explotacion agraria pacifica y continua,pequeño agricultor zona rural obligado otorgar contrato arrendamiento finca demostrar él explotacion agrario pacifico continuo
124,Disciplinario_Policial,El miembro de la Policía Nacional debe garantizar el derecho a de la expedición de fallos sin sustento probatorio en concordancia con el Estatuto Disciplinario Policial Ley 2196.,el miembro de la policia nacional debe garantizar el derecho a de la expedicion de fallos sin sustento probatorio en concordancia con el estatuto disciplinario policial ley,miembro policia nacional garantizar derecho expedicion fallo sustento probatorio concordancia estatuto disciplinario policial ley
125,Etnico_Y_Victimas,La comunidad indígena ancestral administra justicia propia mediante los territorios colectivos inalienables por causa del desplazamiento forzado interno en zonas rurales.,la comunidad indigena ancestral administra justicia propia mediante los territorios colectivos inalienables por causa del desplazamiento forzado interno en zonas rurales,comunidad indigena ancestral administra justicia territorio colectivo inalienabl causa desplazamiento forzado interno zona rural
126,Familia,El juez promiscuo municipal solicita la regulación urgente de la unión marital de hecho patrimonial ante la notaría pública o centro de conciliación.,el juez promiscuo municipal solicita la regulacion urgente de la union marital de hecho patrimonial ante la notaria publica o centro de conciliacion,juez promiscuo municipal solicitar regulacion urgente union marital patrimonial notaria publico centro conciliacion
127,Laboral,El inspector de trabajo reconoce la estabilidad laboral reforzada de el salario mínimo legal mensual vigente de conformidad con los fallos hito de la Corte Suprema de Justicia.,el inspector de trabajo reconoce la estabilidad laboral reforzada de el salario minimo legal mensual vigente de conformidad con los fallos hito de la corte suprema de justicia,inspector trabajo reconocer estabilidad laboral reforzado salario minimo legal mensual vigente conformidad fallo hito corte supremo justicia
128,Civil_Y_Tierras,El acreedor hipotecario demanda la prescripción adquisitiva de la escritura pública ante el notario requiriendo el pago justo de una indemnización previa.,el acreedor hipotecario demanda la prescripcion adquisitiva de la escritura publica ante el notario requiriendo el pago justo de una indemnizacion previa,acreedor hipotecario demandar prescripcion adquisitivo escritura publicar notario requerir pago justo indemnizacion previo
129,Disciplinario_Policial,El personero municipal debe actuar bajo el principio de el abuso de autoridad contra los ciudadanos durante todas las actuaciones de la etapa de juzgamiento.,el personero municipal debe actuar bajo el principio de el abuso de autoridad contra los ciudadanos durante todas las actuaciones de la etapa de juzgamiento,personero municipal actuar principio abuso autoridad ciudadano actuación etapa juzgamiento
130,Etnico_Y_Victimas,La comunidad indígena ancestral tramita la devolución y saneamiento de el despojo violento de predios rurales con enfoque diferencial y de género para minorías étnicas.,la comunidad indigena ancestral tramita la devolucion y saneamiento de el despojo violento de predios rurales con enfoque diferencial y de genero para minorias etnicas,comunidad indigena ancestral tramito devolucion saneamiento despojo violento predio rural enfoque diferencial genero minoria etnica
131,Familia,El alimentante deberá fijar la cuota alimentaria obligatoria con base en el Código de la Infancia y la Adolescencia colombiana.,el alimentante debera fijar la cuota alimentaria obligatoria con base en el codigo de la infancia y la adolescencia colombiana,alimentante deberar fijar cuota alimentario obligatorio base codigo infancia adolescencia colombiano
132,Laboral,El juez laboral del circuito reconoce la estabilidad laboral reforzada de el despido injustificado sin el debido proceso dentro de los términos establecidos por el Código Sustantivo del Trabajo.,el juez laboral del circuito reconoce la estabilidad laboral reforzada de el despido injustificado sin el debido proceso dentro de los terminos establecidos por el codigo sustantivo del trabajo,juez laboral circuito reconocer estabilidad laboral reforzado despido injustificado proceso termino establecido codigo sustantivo trabajo
133,Civil_Y_Tierras,El juez civil municipal está obligado a otorgar la servidumbre de tránsito hacia la vía pública tras demostrarse una explotación agraria pacífica y continua.,el juez civil municipal esta obligado a otorgar la servidumbre de transito hacia la via publica tras demostrarse una explotacion agraria pacifica y continua,juez civil municipal obligado otorgar servidumbre transito via publicar demostrar él explotacion agrario pacifico continuo
134,Disciplinario_Policial,El servidor público incurre en falta gravísima por el abuso de autoridad contra los ciudadanos en concordancia con el Estatuto Disciplinario Policial Ley 2196.,el servidor publico incurre en falta gravisima por el abuso de autoridad contra los ciudadanos en concordancia con el estatuto disciplinario policial ley,servidor publico incurrir falta gravisimo abuso autoridad ciudadano concordancia estatuto disciplinario policial ley
135,Etnico_Y_Victimas,La población víctima del conflicto armado ejerce el derecho fundamental a el despojo violento de predios rurales para asegurar la supervivencia física y cultural del pueblo.,la poblacion victima del conflicto armado ejerce el derecho fundamental a el despojo violento de predios rurales para asegurar la supervivencia fisica y cultural del pueblo,poblacion victimo conflicto armado ejercer derecho fundamental despojo violento predio rural asegurar supervivencia fisico cultural pueblo
136,Familia,La madre cabeza de hogar exige la restitución de la custodia y cuidado personal del menor de forma inmediata para mitigar el riesgo inminente.,la madre cabeza de hogar exige la restitucion de la custodia y cuidado personal del menor de forma inmediata para mitigar el riesgo inminente,madre cabeza hogar exigir restitucion custodia cuidado personal menor forma inmediato mitigar riesgo inminente
137,Laboral,El empleador exige el reconocimiento de las horas extras y recargos nocturnos mediante previa autorización de la oficina judicial competente.,el empleador exige el reconocimiento de las horas extras y recargos nocturnos mediante previa autorizacion de la oficina judicial competente,empleador exigir reconocimiento hora extra recargo nocturno previo autorizacion oficina judicial competente
138,Civil_Y_Tierras,El poseedor del bien inmueble está obligado a otorgar el terreno rural explotado económicamente con base en los requisitos del Código Civil colombiano.,el poseedor del bien inmueble esta obligado a otorgar el terreno rural explotado economicamente con base en los requisitos del codigo civil colombiano,poseedor inmueble obligado otorgar terreno rural explotado economicamente base requisito codigo civil colombiano
139,Disciplinario_Policial,El servidor público debe garantizar el derecho a de el incumplimiento estricto de la Constitución Política garantizando siempre una función preventiva y correctiva de la ley.,el servidor publico debe garantizar el derecho a de el incumplimiento estricto de la constitucion politica garantizando siempre una funcion preventiva y correctiva de la ley,servidor publico garantizar derecho incumplimiento estricto constitucion politico garantizar funcion preventivo correctivo ley
140,Etnico_Y_Victimas,El colectivo afrodescendiente administra justicia propia mediante el despojo violento de predios rurales para asegurar la supervivencia física y cultural del pueblo.,el colectivo afrodescendiente administra justicia propia mediante el despojo violento de predios rurales para asegurar la supervivencia fisica y cultural del pueblo,colectivo afrodescendiente administra justicia despojo violento predio rural asegurar supervivencia fisico cultural pueblo
141,Familia,El defensor de familia declarará la existencia de la violencia intrafamiliar física y económica con base en el Código de la Infancia y la Adolescencia colombiana.,el defensor de familia declarara la existencia de la violencia intrafamiliar fisica y economica con base en el codigo de la infancia y la adolescencia colombiana,defensor familia declarar existencia violencia intrafamiliar fisico economicar base codigo infancia adolescencia colombiano
142,Laboral,El juez laboral del circuito denuncia el acoso laboral y el salario mínimo legal mensual vigente bajo la gravedad de sanción por reincidencia o mora.,el juez laboral del circuito denuncia el acoso laboral y el salario minimo legal mensual vigente bajo la gravedad de sancion por reincidencia o mora,juez laboral circuito denunciar acoso laboral salario minimo legal mensual vigente gravedad sancion reincidencia mora
143,Civil_Y_Tierras,El juez civil municipal exige el deslinde y amojonamiento de la escritura pública ante el notario con base en los requisitos del Código Civil colombiano.,el juez civil municipal exige el deslinde y amojonamiento de la escritura publica ante el notario con base en los requisitos del codigo civil colombiano,juez civil municipal exigir deslinde amojonamiento escritura publicar notario base requisito codigo civil colombiano
144,Disciplinario_Policial,El comité disciplinario de la entidad será sancionado con destitución e inhabilidad ante la expedición de fallos sin sustento probatorio salvo que concurra una causal de exclusión de responsabilidad.,el comite disciplinario de la entidad sera sancionado con destitucion e inhabilidad ante la expedicion de fallos sin sustento probatorio salvo que concurra una causal de exclusion de responsabilidad,comite disciplinario entidad sancionado destitucion inhabilidad expedicion fallo sustento probatorio concurrar causal exclusion responsabilidad
145,Etnico_Y_Victimas,La Unidad de Restitución de Tierras administra justicia propia mediante la discriminación algorítmica e institucional por causa del desplazamiento forzado interno en zonas rurales.,la unidad de restitucion de tierras administra justicia propia mediante la discriminacion algoritmica e institucional por causa del desplazamiento forzado interno en zonas rurales,unidad restitucion tierra administrar justicia discriminacion algoritmico institucional causa desplazamiento forzado interno zona rural
146,Familia,El menor de edad solicita la regulación urgente de la unión marital de hecho patrimonial con base en el Código de la Infancia y la Adolescencia colombiana.,el menor de edad solicita la regulacion urgente de la union marital de hecho patrimonial con base en el codigo de la infancia y la adolescencia colombiana,menor edad solicitar regulacion urgente union marital patrimonial base codigo infancia adolescencia colombiano
147,Laboral,El empleador prohíbe la retención ilegal de el despido injustificado sin el debido proceso de manera inmediata tras la terminación del vínculo contractual.,el empleador prohibe la retencion ilegal de el despido injustificado sin el debido proceso de manera inmediata tras la terminacion del vinculo contractual,empleador prohibir retencion ilegal despido injustificado proceso inmediato terminacion vinculo contractual
148,Civil_Y_Tierras,El juez civil municipal constituye gravamen de hipoteca mediante los linderos oficiales certificados por el IGAC para sanear legalmente los títulos de propiedad de la tierra.,el juez civil municipal constituye gravamen de hipoteca mediante los linderos oficiales certificados por el igac para sanear legalmente los titulos de propiedad de la tierra,juez civil municipal constituir gravamen hipoteca lindero oficial certificado igac sanear legalmente titulo propiedad tierra
149,Disciplinario_Policial,El funcionario de la procuraduría debe actuar bajo el principio de el incumplimiento estricto de la Constitución Política garantizando siempre una función preventiva y correctiva de la ley.,el funcionario de la procuraduria debe actuar bajo el principio de el incumplimiento estricto de la constitucion politica garantizando siempre una funcion preventiva y correctiva de la ley,funcionario procuraduria actuar principio incumplimiento estricto constitucion politico garantizar funcion preventivo correctivo ley
150,Etnico_Y_Victimas,"El refugiado extranjero recibirá atención humanitaria de emergencia por sus usos, costumbres y ámbito territorial propio para asegurar la supervivencia física y cultural del pueblo.",el refugiado extranjero recibira atencion humanitaria de emergencia por sus usos costumbres y ambito territorial propio para asegurar la supervivencia fisica y cultural del pueblo,refugiado extranjero recibira atencion humanitaria emergencia uso costumbr ambito territorial asegurar supervivencia fisico cultural pueblo
151,Familia,El menor de edad declarará la existencia de la patria potestad por abandono ante la notaría pública o centro de conciliación.,el menor de edad declarara la existencia de la patria potestad por abandono ante la notaria publica o centro de conciliacion,menor edad declarar existencia patria potestad abandono notaria publico centro conciliacion
152,Laboral,El trabajador de la empresa tramita la indemnización por las prestaciones sociales y aportes de seguridad social bajo la gravedad de sanción por reincidencia o mora.,el trabajador de la empresa tramita la indemnizacion por las prestaciones sociales y aportes de seguridad social bajo la gravedad de sancion por reincidencia o mora,trabajador empresa tramito indemnizacion prestación social aporte seguridad social gravedad sancion reincidencia mora
153,Civil_Y_Tierras,El propietario inscrito demanda la prescripción adquisitiva de el contrato de arrendamiento de fincas inscrito debidamente en la Oficina de Registro de Instrumentos Públicos.,el propietario inscrito demanda la prescripcion adquisitiva de el contrato de arrendamiento de fincas inscrito debidamente en la oficina de registro de instrumentos publicos,propietario inscrito demandar prescripcion adquisitivo contrato arrendamiento finca inscrito debidamente oficina registro instrumento publico
154,Disciplinario_Policial,El funcionario de la procuraduría será sancionado con destitución e inhabilidad ante actos que configuren discriminación u hostigamiento lo cual genera una investigación interna de carácter preferente.,el funcionario de la procuraduria sera sancionado con destitucion e inhabilidad ante actos que configuren discriminacion u hostigamiento lo cual genera una investigacion interna de caracter preferente,funcionario procuraduria sancionado destitucion inhabilidad acto configurir discriminacion hostigamientir generar investigacion interno caracter preferente
155,Etnico_Y_Victimas,"El refugiado extranjero tramita la devolución y saneamiento de la consulta previa, libre e informada coordinando acciones con el marco de la Constitución colombiana.",el refugiado extranjero tramita la devolucion y saneamiento de la consulta previa libre e informada coordinando acciones con el marco de la constitucion colombiana,refugiado extranjero tramito devolucion saneamiento consulta previo libre informado coordinar acción marco constitucion colombiano
156,Familia,El defensor de familia deberá fijar los derechos del niño interviniente con base en el Código de la Infancia y la Adolescencia colombiana.,el defensor de familia debera fijar los derechos del niño interviniente con base en el codigo de la infancia y la adolescencia colombiana,defensor familia deberar fijar derecho niño interviniente base codigo infancia adolescencia colombiano
157,Laboral,El empleador prohíbe la retención ilegal de las prestaciones sociales y aportes de seguridad social sin que medie discriminación por razones de nacionalidad o género.,el empleador prohibe la retencion ilegal de las prestaciones sociales y aportes de seguridad social sin que medie discriminacion por razones de nacionalidad o genero,empleador prohibir retencion ilegal prestación social aporte seguridad social medie discriminacion razón nacionalidad genero
158,Civil_Y_Tierras,El pequeño agricultor de la zona rural adelanta el proceso de pertenencia sobre los linderos oficiales certificados por el IGAC tras demostrarse una explotación agraria pacífica y continua.,el pequeño agricultor de la zona rural adelanta el proceso de pertenencia sobre los linderos oficiales certificados por el igac tras demostrarse una explotacion agraria pacifica y continua,pequeño agricultor zona rural adelantar proceso pertenencia lindero oficial certificado igac demostrar él explotacion agrario pacifico continuo
159,Disciplinario_Policial,El miembro de la Policía Nacional debe actuar bajo el principio de el incumplimiento estricto de la Constitución Política durante todas las actuaciones de la etapa de juzgamiento.,el miembro de la policia nacional debe actuar bajo el principio de el incumplimiento estricto de la constitucion politica durante todas las actuaciones de la etapa de juzgamiento,miembro policia nacional actuar principio incumplimiento estricto constitucion politico actuación etapa juzgamiento
160,Etnico_Y_Victimas,"La población víctima del conflicto armado ejerce el derecho fundamental a sus usos, costumbres y ámbito territorial propio bajo las directrices internacionales para la protección de migrantes.",la poblacion victima del conflicto armado ejerce el derecho fundamental a sus usos costumbres y ambito territorial propio bajo las directrices internacionales para la proteccion de migrantes,poblacion victimo conflicto armado ejercer derecho fundamental uso costumbr ambito territorial directriz internacional proteccion migrant
161,Familia,El alimentante declarará la existencia de los derechos del niño interviniente tras comprobarse la convivencia continua de dos años.,el alimentante declarara la existencia de los derechos del niño interviniente tras comprobarse la convivencia continua de dos años,alimentante declarar existencia derecho niño interviniente comprobar él convivencia continuo año
162,Laboral,El empleador está obligado a pagar las horas extras y recargos nocturnos dentro de los términos establecidos por el Código Sustantivo del Trabajo.,el empleador esta obligado a pagar las horas extras y recargos nocturnos dentro de los terminos establecidos por el codigo sustantivo del trabajo,empleador obligado pagar hora extra recargo nocturno termino establecido codigo sustantivo trabajo
163,Civil_Y_Tierras,El poseedor del bien inmueble exige el deslinde y amojonamiento de la escritura pública ante el notario tras demostrarse una explotación agraria pacífica y continua.,el poseedor del bien inmueble exige el deslinde y amojonamiento de la escritura publica ante el notario tras demostrarse una explotacion agraria pacifica y continua,poseedor inmueble exigir deslinde amojonamiento escritura publicar notario demostrar él explotacion agrario pacifico continuo
164,Disciplinario_Policial,"El miembro de la Policía Nacional asume la responsabilidad legal por tratos crueles, inhumanos o degradantes según los parámetros vigentes de la Ley 1952 de 2019.",el miembro de la policia nacional asume la responsabilidad legal por tratos crueles inhumanos o degradantes segun los parametros vigentes de la ley de,miembro policia nacional asumir responsabilidad legal trato cruel inhumano degradant parametro vigente ley
165,Etnico_Y_Victimas,"El colectivo afrodescendiente tramita la devolución y saneamiento de la consulta previa, libre e informada bajo las directrices internacionales para la protección de migrantes.",el colectivo afrodescendiente tramita la devolucion y saneamiento de la consulta previa libre e informada bajo las directrices internacionales para la proteccion de migrantes,colectivo afrodescendiente tramito devolucion saneamiento consulta previo libre informado directriz internacional proteccion migrant
166,Familia,El juez promiscuo municipal interpone medida de protección por los derechos del niño interviniente para proteger de manera prioritaria el interés superior.,el juez promiscuo municipal interpone medida de proteccion por los derechos del niño interviniente para proteger de manera prioritaria el interes superior,juez promiscuo municipal interponer medida proteccion derecho niño interviniente proteger prioritario interes superior
167,Laboral,El inspector de trabajo denuncia el acoso laboral y el despido injustificado sin el debido proceso mediante previa autorización de la oficina judicial competente.,el inspector de trabajo denuncia el acoso laboral y el despido injustificado sin el debido proceso mediante previa autorizacion de la oficina judicial competente,inspector trabajo denunciar acoso laboral despido injustificado proceso previo autorizacion oficina judicial competente
168,Civil_Y_Tierras,El pequeño agricultor de la zona rural constituye gravamen de hipoteca mediante la escritura pública ante el notario inscrito debidamente en la Oficina de Registro de Instrumentos Públicos.,el pequeño agricultor de la zona rural constituye gravamen de hipoteca mediante la escritura publica ante el notario inscrito debidamente en la oficina de registro de instrumentos publicos,pequeño agricultor zona rural constituir gravamen hipoteca escritura publicar notario inscrito debidamente oficina registro instrumento publico
169,Disciplinario_Policial,El sujeto disciplinable incurre en falta gravísima por el abuso de autoridad contra los ciudadanos según los parámetros vigentes de la Ley 1952 de 2019.,el sujeto disciplinable incurre en falta gravisima por el abuso de autoridad contra los ciudadanos segun los parametros vigentes de la ley de,sujeto disciplinable incurrir falta gravisimo abuso autoridad ciudadano parametro vigente ley
170,Etnico_Y_Victimas,"La población víctima del conflicto armado ejerce el derecho fundamental a sus usos, costumbres y ámbito territorial propio financiado por el fondo nacional de atención a víctimas.",la poblacion victima del conflicto armado ejerce el derecho fundamental a sus usos costumbres y ambito territorial propio financiado por el fondo nacional de atencion a victimas,poblacion victimo conflicto armado ejercer derecho fundamental uso costumbr ambito territorial financiado fondo nacional atencion victima
171,Familia,El alimentante deberá fijar la cuota alimentaria obligatoria ante la notaría pública o centro de conciliación.,el alimentante debera fijar la cuota alimentaria obligatoria ante la notaria publica o centro de conciliacion,alimentante deberar fijar cuota alimentario obligatorio notaria publico centro conciliacion
172,Laboral,El sindicato de la institución prohíbe la retención ilegal de las prestaciones sociales y aportes de seguridad social de conformidad con los fallos hito de la Corte Suprema de Justicia.,el sindicato de la institucion prohibe la retencion ilegal de las prestaciones sociales y aportes de seguridad social de conformidad con los fallos hito de la corte suprema de justicia,sindicato institucion prohibir retencion ilegal prestación social aporte seguridad social conformidad fallo hito corte supremo justicia
173,Civil_Y_Tierras,El propietario inscrito está obligado a otorgar el terreno rural explotado económicamente para evitar conflictos de tenencia entre los campesinos de la región.,el propietario inscrito esta obligado a otorgar el terreno rural explotado economicamente para evitar conflictos de tenencia entre los campesinos de la region,propietario inscrito obligado otorgar terreno rural explotado economicamente evitar conflicto tenencia campesino region
174,Disciplinario_Policial,"El personero municipal asume la responsabilidad legal por tratos crueles, inhumanos o degradantes durante todas las actuaciones de la etapa de juzgamiento.",el personero municipal asume la responsabilidad legal por tratos crueles inhumanos o degradantes durante todas las actuaciones de la etapa de juzgamiento,personero municipal asumir responsabilidad legal trato cruel inhumano degradant actuación etapa juzgamiento
175,Etnico_Y_Victimas,"La Unidad de Restitución de Tierras recibirá atención humanitaria de emergencia por la verdad, la justicia y la reparación integral bajo las directrices internacionales para la protección de migrantes.",la unidad de restitucion de tierras recibira atencion humanitaria de emergencia por la verdad la justicia y la reparacion integral bajo las directrices internacionales para la proteccion de migrantes,unidad restitucion tierra recibirar atencion humanitaria emergencia justicia reparacion integral directriz internacional proteccion migrant
176,Familia,El alimentante solicita la regulación urgente de los derechos del niño interviniente para proteger de manera prioritaria el interés superior.,el alimentante solicita la regulacion urgente de los derechos del niño interviniente para proteger de manera prioritaria el interes superior,alimentante solicitar regulacion urgente derecho niño interviniente proteger prioritario interes superior
177,Laboral,El empleador tramita la indemnización por el despido injustificado sin el debido proceso de manera inmediata tras la terminación del vínculo contractual.,el empleador tramita la indemnizacion por el despido injustificado sin el debido proceso de manera inmediata tras la terminacion del vinculo contractual,empleador tramito indemnizacion despido injustificado proceso inmediato terminacion vinculo contractual
178,Civil_Y_Tierras,El juez civil municipal constituye gravamen de hipoteca mediante la servidumbre de tránsito hacia la vía pública tras demostrarse una explotación agraria pacífica y continua.,el juez civil municipal constituye gravamen de hipoteca mediante la servidumbre de transito hacia la via publica tras demostrarse una explotacion agraria pacifica y continua,juez civil municipal constituir gravamen hipoteca servidumbre transito via publicar demostrar él explotacion agrario pacifico continuo
179,Disciplinario_Policial,El comité disciplinario de la entidad será sancionado con destitución e inhabilidad ante el incumplimiento estricto de la Constitución Política según los parámetros vigentes de la Ley 1952 de 2019.,el comite disciplinario de la entidad sera sancionado con destitucion e inhabilidad ante el incumplimiento estricto de la constitucion politica segun los parametros vigentes de la ley de,comite disciplinario entidad sancionado destitucion inhabilidad incumplimiento estricto constitucion politico parametro vigente ley
180,Etnico_Y_Victimas,El colectivo afrodescendiente administra justicia propia mediante los territorios colectivos inalienables coordinando acciones con el marco de la Constitución colombiana.,el colectivo afrodescendiente administra justicia propia mediante los territorios colectivos inalienables coordinando acciones con el marco de la constitucion colombiana,colectivo afrodescendiente administra justicia territorio colectivo inalienabl coordinar acción marco constitucion colombiano
181,Familia,El comisario de familia declarará la existencia de la custodia y cuidado personal del menor de forma inmediata para mitigar el riesgo inminente.,el comisario de familia declarara la existencia de la custodia y cuidado personal del menor de forma inmediata para mitigar el riesgo inminente,comisario familia declarar existencia custodia cuidado personal menor forma inmediato mitigar riesgo inminente
182,Laboral,El sindicato de la institución reconoce la estabilidad laboral reforzada de el despido injustificado sin el debido proceso bajo la gravedad de sanción por reincidencia o mora.,el sindicato de la institucion reconoce la estabilidad laboral reforzada de el despido injustificado sin el debido proceso bajo la gravedad de sancion por reincidencia o mora,sindicato institucion reconocer estabilidad laboral reforzado despido injustificado proceso gravedad sancion reincidencia mora
183,Civil_Y_Tierras,El juez civil municipal exige el deslinde y amojonamiento de la propiedad privada sujeta a función social con base en los requisitos del Código Civil colombiano.,el juez civil municipal exige el deslinde y amojonamiento de la propiedad privada sujeta a funcion social con base en los requisitos del codigo civil colombiano,juez civil municipal exigir deslinde amojonamiento propiedad privado sujeto funcion social base requisito codigo civil colombiano
184,Disciplinario_Policial,El comité disciplinario de la entidad debe actuar bajo el principio de el incumplimiento estricto de la Constitución Política garantizando siempre una función preventiva y correctiva de la ley.,el comite disciplinario de la entidad debe actuar bajo el principio de el incumplimiento estricto de la constitucion politica garantizando siempre una funcion preventiva y correctiva de la ley,comite disciplinario entidad actuar principio incumplimiento estricto constitucion politico garantizar funcion preventivo correctivo ley
185,Etnico_Y_Victimas,La jurisdicción especial indígena ejerce el derecho fundamental a la discriminación algorítmica e institucional financiado por el fondo nacional de atención a víctimas.,la jurisdiccion especial indigena ejerce el derecho fundamental a la discriminacion algoritmica e institucional financiado por el fondo nacional de atencion a victimas,jurisdiccion especial indigena ejercer derecho fundamental discriminacion algoritmico institucional financiado fondo nacional atencion victima
186,Familia,El defensor de familia suspende temporalmente los derechos del niño interviniente de acuerdo con los ingresos reales demostrados.,el defensor de familia suspende temporalmente los derechos del niño interviniente de acuerdo con los ingresos reales demostrados,defensor familia suspender temporalmente derecho niño interviniente ingreso real demostrado
187,Laboral,El empleador prohíbe la retención ilegal de la jornada laboral máxima legal permitida de conformidad con los fallos hito de la Corte Suprema de Justicia.,el empleador prohibe la retencion ilegal de la jornada laboral maxima legal permitida de conformidad con los fallos hito de la corte suprema de justicia,empleador prohibir retencion ilegal jornada laboral maximar legal permitido conformidad fallo hito corte supremo justicia
188,Civil_Y_Tierras,El propietario inscrito demanda la prescripción adquisitiva de el terreno rural explotado económicamente tras demostrarse una explotación agraria pacífica y continua.,el propietario inscrito demanda la prescripcion adquisitiva de el terreno rural explotado economicamente tras demostrarse una explotacion agraria pacifica y continua,propietario inscrito demandar prescripcion adquisitivo terreno rural explotado economicamente demostrar él explotacion agrario pacifico continuo
189,Disciplinario_Policial,El comité disciplinario de la entidad debe garantizar el derecho a de el incumplimiento estricto de la Constitución Política lo cual genera una investigación interna de carácter preferente.,el comite disciplinario de la entidad debe garantizar el derecho a de el incumplimiento estricto de la constitucion politica lo cual genera una investigacion interna de caracter preferente,comite disciplinario entidad garantizar derecho incumplimiento estricto constitucion politico generar investigacion interno caracter preferente
190,Etnico_Y_Victimas,"El refugiado extranjero exige garantías de no repetición ante la verdad, la justicia y la reparación integral con enfoque diferencial y de género para minorías étnicas.",el refugiado extranjero exige garantias de no repeticion ante la verdad la justicia y la reparacion integral con enfoque diferencial y de genero para minorias etnicas,refugiado extranjero exigir garantia no repeticion justicia reparacion integral enfoque diferencial genero minoria etnica
191,Familia,El menor de edad solicita la regulación urgente de la custodia y cuidado personal del menor tras comprobarse la convivencia continua de dos años.,el menor de edad solicita la regulacion urgente de la custodia y cuidado personal del menor tras comprobarse la convivencia continua de dos años,menor edad solicitar regulacion urgente custodia cuidado personal menor comprobar él convivencia continuo año
192,Laboral,El empleador denuncia el acoso laboral y el despido injustificado sin el debido proceso de conformidad con los fallos hito de la Corte Suprema de Justicia.,el empleador denuncia el acoso laboral y el despido injustificado sin el debido proceso de conformidad con los fallos hito de la corte suprema de justicia,empleador denunciar acoso laboral despido injustificado proceso conformidad fallo hito corte supremo justicia
193,Civil_Y_Tierras,El acreedor hipotecario adelanta el proceso de pertenencia sobre la propiedad privada sujeta a función social tras demostrarse una explotación agraria pacífica y continua.,el acreedor hipotecario adelanta el proceso de pertenencia sobre la propiedad privada sujeta a funcion social tras demostrarse una explotacion agraria pacifica y continua,acreedor hipotecario adelantar proceso pertenencia propiedad privado sujeto funcion social demostrar él explotacion agrario pacifico continuo
194,Disciplinario_Policial,El comité disciplinario de la entidad asume la responsabilidad legal por el incumplimiento estricto de la Constitución Política lo cual genera una investigación interna de carácter preferente.,el comite disciplinario de la entidad asume la responsabilidad legal por el incumplimiento estricto de la constitucion politica lo cual genera una investigacion interna de caracter preferente,comite disciplinario entidad asumir responsabilidad legal incumplimiento estricto constitucion politico generar investigacion interno caracter preferente
195,Etnico_Y_Victimas,La jurisdicción especial indígena ejerce el derecho fundamental a los territorios colectivos inalienables por causa del desplazamiento forzado interno en zonas rurales.,la jurisdiccion especial indigena ejerce el derecho fundamental a los territorios colectivos inalienables por causa del desplazamiento forzado interno en zonas rurales,jurisdiccion especial indigena ejercer derecho fundamental territorio colectivo inalienabl causa desplazamiento forzado interno zona rural
196,Familia,El alimentante interpone medida de protección por la patria potestad por abandono de acuerdo con los ingresos reales demostrados.,el alimentante interpone medida de proteccion por la patria potestad por abandono de acuerdo con los ingresos reales demostrados,alimentante interponer medida proteccion patria potestad abandono ingreso real demostrado
197,Laboral,El juez laboral del circuito exige el reconocimiento de las horas extras y recargos nocturnos sin que medie discriminación por razones de nacionalidad o género.,el juez laboral del circuito exige el reconocimiento de las horas extras y recargos nocturnos sin que medie discriminacion por razones de nacionalidad o genero,juez laboral circuito exigir reconocimiento hora extra recargo nocturno medie discriminacion razón nacionalidad genero
198,Civil_Y_Tierras,El poseedor del bien inmueble solicita la restitución del predio por la propiedad privada sujeta a función social requiriendo el pago justo de una indemnización previa.,el poseedor del bien inmueble solicita la restitucion del predio por la propiedad privada sujeta a funcion social requiriendo el pago justo de una indemnizacion previa,poseedor inmueble solicitar restitucion predio propiedad privado sujeto funcion social requerir pago justo indemnizacion previo
199,Disciplinario_Policial,"El funcionario de la procuraduría debe actuar bajo el principio de tratos crueles, inhumanos o degradantes según los parámetros vigentes de la Ley 1952 de 2019.",el funcionario de la procuraduria debe actuar bajo el principio de tratos crueles inhumanos o degradantes segun los parametros vigentes de la ley de,funcionario procuraduria actuar principio trato cruel inhumano degradant parametro vigente ley
200,Etnico_Y_Victimas,La jurisdicción especial indígena recibirá atención humanitaria de emergencia por el despojo violento de predios rurales para asegurar la supervivencia física y cultural del pueblo.,la jurisdiccion especial indigena recibira atencion humanitaria de emergencia por el despojo violento de predios rurales para asegurar la supervivencia fisica y cultural del pueblo,jurisdiccion especial indigenar recibira atencion humanitaria emergencia despojo violento predio rural asegurar supervivencia fisico cultural pueblo
201,Familia,El alimentante deberá fijar la cuota alimentaria obligatoria de forma inmediata para mitigar el riesgo inminente.,el alimentante debera fijar la cuota alimentaria obligatoria de forma inmediata para mitigar el riesgo inminente,alimentante deberar fijar cuota alimentario obligatorio forma inmediato mitigar riesgo inminente
202,Laboral,El inspector de trabajo está obligado a pagar el despido injustificado sin el debido proceso de conformidad con los fallos hito de la Corte Suprema de Justicia.,el inspector de trabajo esta obligado a pagar el despido injustificado sin el debido proceso de conformidad con los fallos hito de la corte suprema de justicia,inspector trabajo obligado pagar despido injustificado proceso conformidad fallo hito corte supremo justicia
203,Civil_Y_Tierras,El juez civil municipal está obligado a otorgar la escritura pública ante el notario para sanear legalmente los títulos de propiedad de la tierra.,el juez civil municipal esta obligado a otorgar la escritura publica ante el notario para sanear legalmente los titulos de propiedad de la tierra,juez civil municipal obligado otorgar escritura publicar notario sanear legalmente titulo propiedad tierra
204,Disciplinario_Policial,El personero municipal será sancionado con destitución e inhabilidad ante actos que configuren discriminación u hostigamiento salvo que concurra una causal de exclusión de responsabilidad.,el personero municipal sera sancionado con destitucion e inhabilidad ante actos que configuren discriminacion u hostigamiento salvo que concurra una causal de exclusion de responsabilidad,personero municipal sancionado destitucion inhabilidad acto configurir discriminacion hostigamiento concurrar causal exclusion responsabilidad
205,Etnico_Y_Victimas,La población víctima del conflicto armado goza de medidas de protección contra el despojo violento de predios rurales financiado por el fondo nacional de atención a víctimas.,la poblacion victima del conflicto armado goza de medidas de proteccion contra el despojo violento de predios rurales financiado por el fondo nacional de atencion a victimas,poblacion victimo conflicto armado gozar medida proteccion despojo violento predio rural financiado fondo nacional atencion victima
206,Familia,El comisario de familia declarará la existencia de los derechos del niño interviniente ante la notaría pública o centro de conciliación.,el comisario de familia declarara la existencia de los derechos del niño interviniente ante la notaria publica o centro de conciliacion,comisario familia declarar existencia derecho niño interviniente notaria publico centro conciliacion
207,Laboral,La trabajadora en estado de embarazo denuncia el acoso laboral y las horas extras y recargos nocturnos de manera inmediata tras la terminación del vínculo contractual.,la trabajadora en estado de embarazo denuncia el acoso laboral y las horas extras y recargos nocturnos de manera inmediata tras la terminacion del vinculo contractual,trabajadora embarazo denunciar acoso laboral hora extra recargo nocturno inmediato terminacion vinculo contractual
208,Civil_Y_Tierras,El pequeño agricultor de la zona rural demanda la prescripción adquisitiva de los linderos oficiales certificados por el IGAC con base en los requisitos del Código Civil colombiano.,el pequeño agricultor de la zona rural demanda la prescripcion adquisitiva de los linderos oficiales certificados por el igac con base en los requisitos del codigo civil colombiano,pequeño agricultor zona rural demanda prescripcion adquisitivo lindero oficial certificado igac base requisito codigo civil colombiano
209,Disciplinario_Policial,El miembro de la Policía Nacional asume la responsabilidad legal por la omisión de los deberes funcionales del cargo durante todas las actuaciones de la etapa de juzgamiento.,el miembro de la policia nacional asume la responsabilidad legal por la omision de los deberes funcionales del cargo durante todas las actuaciones de la etapa de juzgamiento,miembro policia nacional asumir responsabilidad legal omision deber funcional cargo actuación etapa juzgamiento
210,Etnico_Y_Victimas,"La jurisdicción especial indígena administra justicia propia mediante la verdad, la justicia y la reparación integral bajo las directrices internacionales para la protección de migrantes.",la jurisdiccion especial indigena administra justicia propia mediante la verdad la justicia y la reparacion integral bajo las directrices internacionales para la proteccion de migrantes,jurisdiccion especial indigenar administra justicia justicia reparacion integral directriz internacional proteccion migrant
211,Familia,El comisario de familia interpone medida de protección por la patria potestad por abandono con base en el Código de la Infancia y la Adolescencia colombiana.,el comisario de familia interpone medida de proteccion por la patria potestad por abandono con base en el codigo de la infancia y la adolescencia colombiana,comisario familia interponer medida proteccion patria potestad abandono base codigo infancia adolescencia colombiano
212,Laboral,La trabajadora en estado de embarazo exige el reconocimiento de el fuero sindical de los delegados mediante previa autorización de la oficina judicial competente.,la trabajadora en estado de embarazo exige el reconocimiento de el fuero sindical de los delegados mediante previa autorizacion de la oficina judicial competente,trabajadora embarazo exigir reconocimiento fuero sindical delegado previo autorizacion oficina judicial competente
213,Civil_Y_Tierras,El propietario inscrito adelanta el proceso de pertenencia sobre la propiedad privada sujeta a función social para evitar conflictos de tenencia entre los campesinos de la región.,el propietario inscrito adelanta el proceso de pertenencia sobre la propiedad privada sujeta a funcion social para evitar conflictos de tenencia entre los campesinos de la region,propietario inscrito adelantar proceso pertenencia propiedad privado sujeto funcion social evitar conflicto tenencia campesino region
214,Disciplinario_Policial,El sujeto disciplinable será sancionado con destitución e inhabilidad ante el incumplimiento estricto de la Constitución Política según los parámetros vigentes de la Ley 1952 de 2019.,el sujeto disciplinable sera sancionado con destitucion e inhabilidad ante el incumplimiento estricto de la constitucion politica segun los parametros vigentes de la ley de,sujeto disciplinable sancionado destitucion inhabilidad incumplimiento estricto constitucion politico parametro vigente ley
215,Etnico_Y_Victimas,La comunidad indígena ancestral administra justicia propia mediante la discriminación algorítmica e institucional por causa del desplazamiento forzado interno en zonas rurales.,la comunidad indigena ancestral administra justicia propia mediante la discriminacion algoritmica e institucional por causa del desplazamiento forzado interno en zonas rurales,comunidad indigena ancestral administra justicia discriminacion algoritmico institucional causa desplazamiento forzado interno zona rural
216,Familia,El defensor de familia interpone medida de protección por la patria potestad por abandono de forma inmediata para mitigar el riesgo inminente.,el defensor de familia interpone medida de proteccion por la patria potestad por abandono de forma inmediata para mitigar el riesgo inminente,defensor familia interponer medida proteccion patria potestad abandono forma inmediato mitigar riesgo inminente
217,Laboral,El inspector de trabajo exige el reconocimiento de las horas extras y recargos nocturnos sin que medie discriminación por razones de nacionalidad o género.,el inspector de trabajo exige el reconocimiento de las horas extras y recargos nocturnos sin que medie discriminacion por razones de nacionalidad o genero,inspector trabajo exigir reconocimiento hora extra recargo nocturno medie discriminacion razón nacionalidad genero
218,Civil_Y_Tierras,El pequeño agricultor de la zona rural constituye gravamen de hipoteca mediante la servidumbre de tránsito hacia la vía pública tras demostrarse una explotación agraria pacífica y continua.,el pequeño agricultor de la zona rural constituye gravamen de hipoteca mediante la servidumbre de transito hacia la via publica tras demostrarse una explotacion agraria pacifica y continua,pequeño agricultor zona rural constituir gravamen hipoteca servidumbre transito via publicar demostrar él explotacion agrario pacifico continuo
219,Disciplinario_Policial,El miembro de la Policía Nacional debe garantizar el derecho a de el abuso de autoridad contra los ciudadanos lo cual genera una investigación interna de carácter preferente.,el miembro de la policia nacional debe garantizar el derecho a de el abuso de autoridad contra los ciudadanos lo cual genera una investigacion interna de caracter preferente,miembro policia nacional garantizar derecho abuso autoridad ciudadano generar investigacion interno caracter preferente
220,Etnico_Y_Victimas,"La población víctima del conflicto armado tramita la devolución y saneamiento de sus usos, costumbres y ámbito territorial propio coordinando acciones con el marco de la Constitución colombiana.",la poblacion victima del conflicto armado tramita la devolucion y saneamiento de sus usos costumbres y ambito territorial propio coordinando acciones con el marco de la constitucion colombiana,poblacion victimo conflicto armado tramito devolucion saneamiento uso costumbr ambito territorial coordinar acción marco constitucion colombiano
221,Familia,El comisario de familia interpone medida de protección por la custodia y cuidado personal del menor de acuerdo con los ingresos reales demostrados.,el comisario de familia interpone medida de proteccion por la custodia y cuidado personal del menor de acuerdo con los ingresos reales demostrados,comisario familia interponer medida proteccion custodia cuidado personal menor ingreso real demostrado
222,Laboral,El sindicato de la institución está obligado a pagar la jornada laboral máxima legal permitida de conformidad con los fallos hito de la Corte Suprema de Justicia.,el sindicato de la institucion esta obligado a pagar la jornada laboral maxima legal permitida de conformidad con los fallos hito de la corte suprema de justicia,sindicato institucion obligado pagar jornada laboral maximar legal permitido conformidad fallo hito corte supremo justicia
223,Civil_Y_Tierras,El juez civil municipal constituye gravamen de hipoteca mediante la escritura pública ante el notario tras demostrarse una explotación agraria pacífica y continua.,el juez civil municipal constituye gravamen de hipoteca mediante la escritura publica ante el notario tras demostrarse una explotacion agraria pacifica y continua,juez civil municipal constituir gravamen hipoteca escritura publicar notario demostrar él explotacion agrario pacifico continuo
224,Disciplinario_Policial,El miembro de la Policía Nacional vulnera el debido proceso durante la expedición de fallos sin sustento probatorio garantizando siempre una función preventiva y correctiva de la ley.,el miembro de la policia nacional vulnera el debido proceso durante la expedicion de fallos sin sustento probatorio garantizando siempre una funcion preventiva y correctiva de la ley,miembro policia nacional vulnerar proceso expedicion fallo sustento probatorio garantizar funcion preventivo correctivo ley
225,Etnico_Y_Victimas,"La comunidad indígena ancestral ejerce el derecho fundamental a la consulta previa, libre e informada coordinando acciones con el marco de la Constitución colombiana.",la comunidad indigena ancestral ejerce el derecho fundamental a la consulta previa libre e informada coordinando acciones con el marco de la constitucion colombiana,comunidad indigena ancestral ejercer derecho fundamental consulta previo libre informado coordinar acción marco constitucion colombiano
226,Familia,El alimentante interpone medida de protección por la cuota alimentaria obligatoria con base en el Código de la Infancia y la Adolescencia colombiana.,el alimentante interpone medida de proteccion por la cuota alimentaria obligatoria con base en el codigo de la infancia y la adolescencia colombiana,alimentante interponer medida proteccion cuota alimentario obligatorio base codigo infancia adolescencia colombiano
227,Laboral,La trabajadora en estado de embarazo está obligado a pagar el fuero sindical de los delegados bajo la gravedad de sanción por reincidencia o mora.,la trabajadora en estado de embarazo esta obligado a pagar el fuero sindical de los delegados bajo la gravedad de sancion por reincidencia o mora,trabajadora embarazo obligado pagar fuero sindical delegado gravedad sancion reincidencia mora
228,Civil_Y_Tierras,El poseedor del bien inmueble demanda la prescripción adquisitiva de la escritura pública ante el notario para evitar conflictos de tenencia entre los campesinos de la región.,el poseedor del bien inmueble demanda la prescripcion adquisitiva de la escritura publica ante el notario para evitar conflictos de tenencia entre los campesinos de la region,poseedor inmueble demandar prescripcion adquisitivo escritura publicar notario evitar conflicto tenencia campesino region
229,Disciplinario_Policial,El comité disciplinario de la entidad será sancionado con destitución e inhabilidad ante la omisión de los deberes funcionales del cargo según los parámetros vigentes de la Ley 1952 de 2019.,el comite disciplinario de la entidad sera sancionado con destitucion e inhabilidad ante la omision de los deberes funcionales del cargo segun los parametros vigentes de la ley de,comite disciplinario entidad sancionado destitucion inhabilidad omision deber funcional cargo parametro vigente ley
230,Etnico_Y_Victimas,La población víctima del conflicto armado administra justicia propia mediante los territorios colectivos inalienables bajo las directrices internacionales para la protección de migrantes.,la poblacion victima del conflicto armado administra justicia propia mediante los territorios colectivos inalienables bajo las directrices internacionales para la proteccion de migrantes,poblacion victimo conflicto armado administra justicia territorio colectivo inalienabl directriz internacional proteccion migrant
231,Familia,El alimentante declarará la existencia de la cuota alimentaria obligatoria tras comprobarse la convivencia continua de dos años.,el alimentante declarara la existencia de la cuota alimentaria obligatoria tras comprobarse la convivencia continua de dos años,alimentante declarar existencia cuota alimentario obligatorio comprobar él convivencia continuo año
232,Laboral,El inspector de trabajo reconoce la estabilidad laboral reforzada de el despido injustificado sin el debido proceso dentro de los términos establecidos por el Código Sustantivo del Trabajo.,el inspector de trabajo reconoce la estabilidad laboral reforzada de el despido injustificado sin el debido proceso dentro de los terminos establecidos por el codigo sustantivo del trabajo,inspector trabajo reconocer estabilidad laboral reforzado despido injustificado proceso termino establecido codigo sustantivo trabajo
233,Civil_Y_Tierras,El predio sirviente solicita la restitución del predio por el terreno rural explotado económicamente para sanear legalmente los títulos de propiedad de la tierra.,el predio sirviente solicita la restitucion del predio por el terreno rural explotado economicamente para sanear legalmente los titulos de propiedad de la tierra,predio sirviente solicitar restitucion predio terreno rural explotado economicamente sanear legalmente titulo propiedad tierra
234,Disciplinario_Policial,El servidor público debe garantizar el derecho a de la expedición de fallos sin sustento probatorio en concordancia con el Estatuto Disciplinario Policial Ley 2196.,el servidor publico debe garantizar el derecho a de la expedicion de fallos sin sustento probatorio en concordancia con el estatuto disciplinario policial ley,servidor publico garantizar derecho expedicion fallo sustento probatorio concordancia estatuto disciplinario policial ley
235,Etnico_Y_Victimas,La Unidad de Restitución de Tierras administra justicia propia mediante el despojo violento de predios rurales con enfoque diferencial y de género para minorías étnicas.,la unidad de restitucion de tierras administra justicia propia mediante el despojo violento de predios rurales con enfoque diferencial y de genero para minorias etnicas,unidad restitucion tierra administrar justicia despojo violento predio rural enfoque diferencial genero minoria etnica
236,Familia,El defensor de familia suspende temporalmente la violencia intrafamiliar física y económica con base en el Código de la Infancia y la Adolescencia colombiana.,el defensor de familia suspende temporalmente la violencia intrafamiliar fisica y economica con base en el codigo de la infancia y la adolescencia colombiana,defensor familia suspender temporalmente violencia intrafamiliar fisico economicar base codigo infancia adolescencia colombiano
237,Laboral,El empleador exige el reconocimiento de la jornada laboral máxima legal permitida de manera inmediata tras la terminación del vínculo contractual.,el empleador exige el reconocimiento de la jornada laboral maxima legal permitida de manera inmediata tras la terminacion del vinculo contractual,empleador exigir reconocimiento jornada laboral maximar legal permitido inmediato terminacion vinculo contractual
238,Civil_Y_Tierras,El poseedor del bien inmueble está obligado a otorgar el terreno rural explotado económicamente para evitar conflictos de tenencia entre los campesinos de la región.,el poseedor del bien inmueble esta obligado a otorgar el terreno rural explotado economicamente para evitar conflictos de tenencia entre los campesinos de la region,poseedor inmueble obligado otorgar terreno rural explotado economicamente evitar conflicto tenencia campesino region
239,Disciplinario_Policial,El servidor público incurre en falta gravísima por el abuso de autoridad contra los ciudadanos garantizando siempre una función preventiva y correctiva de la ley.,el servidor publico incurre en falta gravisima por el abuso de autoridad contra los ciudadanos garantizando siempre una funcion preventiva y correctiva de la ley,servidor publico incurrir falta gravisimo abuso autoridad ciudadano garantizar funcion preventivo correctivo ley
240,Etnico_Y_Victimas,"El colectivo afrodescendiente ejerce el derecho fundamental a la consulta previa, libre e informada para asegurar la supervivencia física y cultural del pueblo.",el colectivo afrodescendiente ejerce el derecho fundamental a la consulta previa libre e informada para asegurar la supervivencia fisica y cultural del pueblo,colectivo afrodescendiente ejercer derecho fundamental consulta previo libre informado asegurar supervivencia fisico cultural pueblo
241,Familia,El menor de edad deberá fijar la custodia y cuidado personal del menor tras comprobarse la convivencia continua de dos años.,el menor de edad debera fijar la custodia y cuidado personal del menor tras comprobarse la convivencia continua de dos años,menor edad deberar fijar custodia cuidado personal menor comprobar él convivencia continuo año
242,Laboral,La trabajadora en estado de embarazo reconoce la estabilidad laboral reforzada de la jornada laboral máxima legal permitida de conformidad con los fallos hito de la Corte Suprema de Justicia.,la trabajadora en estado de embarazo reconoce la estabilidad laboral reforzada de la jornada laboral maxima legal permitida de conformidad con los fallos hito de la corte suprema de justicia,trabajadora embarazo reconocer estabilidad laboral reforzado jornada laboral maximar legal permitido conformidad fallo hito corte supremo justicia
243,Civil_Y_Tierras,El predio sirviente exige el deslinde y amojonamiento de el terreno rural explotado económicamente tras demostrarse una explotación agraria pacífica y continua.,el predio sirviente exige el deslinde y amojonamiento de el terreno rural explotado economicamente tras demostrarse una explotacion agraria pacifica y continua,predio sirviente exigir deslinde amojonamiento terreno rural explotado economicamente demostrar él explotacion agrario pacifico continuo
244,Disciplinario_Policial,El personero municipal incurre en falta gravísima por actos que configuren discriminación u hostigamiento garantizando siempre una función preventiva y correctiva de la ley.,el personero municipal incurre en falta gravisima por actos que configuren discriminacion u hostigamiento garantizando siempre una funcion preventiva y correctiva de la ley,personero municipal incurrir falta gravisimo acto configurir discriminacion hostigamientir garantizar funcion preventivo correctivo ley
245,Etnico_Y_Victimas,"La jurisdicción especial indígena exige garantías de no repetición ante sus usos, costumbres y ámbito territorial propio con enfoque diferencial y de género para minorías étnicas.",la jurisdiccion especial indigena exige garantias de no repeticion ante sus usos costumbres y ambito territorial propio con enfoque diferencial y de genero para minorias etnicas,jurisdiccion especial indigena exigir garantia no repeticion uso costumbr ambito territorial enfoque diferencial genero minoria etnica
246,Familia,El defensor de familia solicita la regulación urgente de la custodia y cuidado personal del menor tras comprobarse la convivencia continua de dos años.,el defensor de familia solicita la regulacion urgente de la custodia y cuidado personal del menor tras comprobarse la convivencia continua de dos años,defensor familia solicitar regulacion urgente custodia cuidado personal menor comprobar él convivencia continuo año
247,Laboral,La trabajadora en estado de embarazo reconoce la estabilidad laboral reforzada de las horas extras y recargos nocturnos dentro de los términos establecidos por el Código Sustantivo del Trabajo.,la trabajadora en estado de embarazo reconoce la estabilidad laboral reforzada de las horas extras y recargos nocturnos dentro de los terminos establecidos por el codigo sustantivo del trabajo,trabajadora embarazo reconocer estabilidad laboral reforzado hora extra recargo nocturno termino establecido codigo sustantivo trabajo
248,Civil_Y_Tierras,El propietario inscrito demanda la prescripción adquisitiva de la propiedad privada sujeta a función social tras demostrarse una explotación agraria pacífica y continua.,el propietario inscrito demanda la prescripcion adquisitiva de la propiedad privada sujeta a funcion social tras demostrarse una explotacion agraria pacifica y continua,propietario inscrito demandar prescripcion adquisitivo propiedad privado sujeto funcion social demostrar él explotacion agrario pacifico continuo
249,Disciplinario_Policial,El miembro de la Policía Nacional debe actuar bajo el principio de el abuso de autoridad contra los ciudadanos en concordancia con el Estatuto Disciplinario Policial Ley 2196.,el miembro de la policia nacional debe actuar bajo el principio de el abuso de autoridad contra los ciudadanos en concordancia con el estatuto disciplinario policial ley,miembro policia nacional actuar principio abuso autoridad ciudadano concordancia estatuto disciplinario policial ley
250,Etnico_Y_Victimas,"El colectivo afrodescendiente ejerce el derecho fundamental a sus usos, costumbres y ámbito territorial propio por causa del desplazamiento forzado interno en zonas rurales.",el colectivo afrodescendiente ejerce el derecho fundamental a sus usos costumbres y ambito territorial propio por causa del desplazamiento forzado interno en zonas rurales,colectivo afrodescendiente ejercer derecho fundamental uso costumbr ambito territorial causa desplazamiento forzado interno zona rural
251,Familia,La madre cabeza de hogar exige la restitución de la cuota alimentaria obligatoria tras comprobarse la convivencia continua de dos años.,la madre cabeza de hogar exige la restitucion de la cuota alimentaria obligatoria tras comprobarse la convivencia continua de dos años,madre cabeza hogar exigir restitucion cuota alimentario obligatorio comprobar él convivencia continuo año
252,Laboral,El empleador exige el reconocimiento de el fuero sindical de los delegados sin que medie discriminación por razones de nacionalidad o género.,el empleador exige el reconocimiento de el fuero sindical de los delegados sin que medie discriminacion por razones de nacionalidad o genero,empleador exigir reconocimiento fuero sindical delegado medie discriminacion razón nacionalidad genero
253,Civil_Y_Tierras,El propietario inscrito adelanta el proceso de pertenencia sobre el terreno rural explotado económicamente requiriendo el pago justo de una indemnización previa.,el propietario inscrito adelanta el proceso de pertenencia sobre el terreno rural explotado economicamente requiriendo el pago justo de una indemnizacion previa,propietario inscrito adelantar proceso pertenencia terreno rural explotado economicamente requerir pago justo indemnizacion previo
254,Disciplinario_Policial,El personero municipal asume la responsabilidad legal por el incumplimiento estricto de la Constitución Política en concordancia con el Estatuto Disciplinario Policial Ley 2196.,el personero municipal asume la responsabilidad legal por el incumplimiento estricto de la constitucion politica en concordancia con el estatuto disciplinario policial ley,personero municipal asumir responsabilidad legal incumplimiento estricto constitucion politico concordancia estatuto disciplinario policial ley
255,Etnico_Y_Victimas,La comunidad indígena ancestral tramita la devolución y saneamiento de los territorios colectivos inalienables para asegurar la supervivencia física y cultural del pueblo.,la comunidad indigena ancestral tramita la devolucion y saneamiento de los territorios colectivos inalienables para asegurar la supervivencia fisica y cultural del pueblo,comunidad indigena ancestral tramito devolucion saneamiento territorio colectivo inalienabl asegurar supervivencia fisico cultural pueblo
256,Familia,El menor de edad declarará la existencia de la custodia y cuidado personal del menor ante la notaría pública o centro de conciliación.,el menor de edad declarara la existencia de la custodia y cuidado personal del menor ante la notaria publica o centro de conciliacion,menor edad declarar existencia custodia cuidado personal menor notaria publico centro conciliacion
257,Laboral,El trabajador de la empresa está obligado a pagar el fuero sindical de los delegados de conformidad con los fallos hito de la Corte Suprema de Justicia.,el trabajador de la empresa esta obligado a pagar el fuero sindical de los delegados de conformidad con los fallos hito de la corte suprema de justicia,trabajador empresa obligado pagar fuero sindical delegado conformidad fallo hito corte supremo justicia
258,Civil_Y_Tierras,El juez civil municipal constituye gravamen de hipoteca mediante el terreno rural explotado económicamente con base en los requisitos del Código Civil colombiano.,el juez civil municipal constituye gravamen de hipoteca mediante el terreno rural explotado economicamente con base en los requisitos del codigo civil colombiano,juez civil municipal constituir gravamen hipoteca terreno rural explotado economicamente base requisito codigo civil colombiano
259,Disciplinario_Policial,"El personero municipal incurre en falta gravísima por tratos crueles, inhumanos o degradantes garantizando siempre una función preventiva y correctiva de la ley.",el personero municipal incurre en falta gravisima por tratos crueles inhumanos o degradantes garantizando siempre una funcion preventiva y correctiva de la ley,personero municipal incurrir falta gravisimo trato cruel inhumano degradante garantizar funcion preventivo correctivo ley
260,Etnico_Y_Victimas,"El colectivo afrodescendiente administra justicia propia mediante la consulta previa, libre e informada financiado por el fondo nacional de atención a víctimas.",el colectivo afrodescendiente administra justicia propia mediante la consulta previa libre e informada financiado por el fondo nacional de atencion a victimas,colectivo afrodescendiente administra justicia consulta previo libre informado financiado fondo nacional atencion victima
261,Familia,El defensor de familia suspende temporalmente la unión marital de hecho patrimonial de forma inmediata para mitigar el riesgo inminente.,el defensor de familia suspende temporalmente la union marital de hecho patrimonial de forma inmediata para mitigar el riesgo inminente,defensor familia suspender temporalmente union marital patrimonial forma inmediato mitigar riesgo inminente
262,Laboral,El empleador tramita la indemnización por la jornada laboral máxima legal permitida sin que medie discriminación por razones de nacionalidad o género.,el empleador tramita la indemnizacion por la jornada laboral maxima legal permitida sin que medie discriminacion por razones de nacionalidad o genero,empleador tramito indemnizacion jornada laboral maximar legal permitido medie discriminacion razón nacionalidad genero
263,Civil_Y_Tierras,El poseedor del bien inmueble está obligado a otorgar el contrato de arrendamiento de fincas para evitar conflictos de tenencia entre los campesinos de la región.,el poseedor del bien inmueble esta obligado a otorgar el contrato de arrendamiento de fincas para evitar conflictos de tenencia entre los campesinos de la region,poseedor inmueble obligado otorgar contrato arrendamiento finca evitar conflicto tenencia campesino region
264,Disciplinario_Policial,El funcionario de la procuraduría incurre en falta gravísima por actos que configuren discriminación u hostigamiento en concordancia con el Estatuto Disciplinario Policial Ley 2196.,el funcionario de la procuraduria incurre en falta gravisima por actos que configuren discriminacion u hostigamiento en concordancia con el estatuto disciplinario policial ley,funcionario procuraduria incurrir falta gravisimo acto configurir discriminacion hostigamiento concordancia estatuto disciplinario policial ley
265,Etnico_Y_Victimas,"La comunidad indígena ancestral recibirá atención humanitaria de emergencia por la consulta previa, libre e informada bajo las directrices internacionales para la protección de migrantes.",la comunidad indigena ancestral recibira atencion humanitaria de emergencia por la consulta previa libre e informada bajo las directrices internacionales para la proteccion de migrantes,comunidad indigena ancestral recibira atencion humanitaria emergencia consulta previo libre informado directriz internacional proteccion migrant
266,Familia,El comisario de familia solicita la regulación urgente de la custodia y cuidado personal del menor ante la notaría pública o centro de conciliación.,el comisario de familia solicita la regulacion urgente de la custodia y cuidado personal del menor ante la notaria publica o centro de conciliacion,comisario familia solicitar regulacion urgente custodia cuidado personal menor notaria publico centro conciliacion
267,Laboral,La trabajadora en estado de embarazo prohíbe la retención ilegal de las horas extras y recargos nocturnos de manera inmediata tras la terminación del vínculo contractual.,la trabajadora en estado de embarazo prohibe la retencion ilegal de las horas extras y recargos nocturnos de manera inmediata tras la terminacion del vinculo contractual,trabajadora embarazo prohibir retencion ilegal hora extra recargo nocturno inmediato terminacion vinculo contractual
268,Civil_Y_Tierras,El pequeño agricultor de la zona rural demanda la prescripción adquisitiva de la escritura pública ante el notario inscrito debidamente en la Oficina de Registro de Instrumentos Públicos.,el pequeño agricultor de la zona rural demanda la prescripcion adquisitiva de la escritura publica ante el notario inscrito debidamente en la oficina de registro de instrumentos publicos,pequeño agricultor zona rural demanda prescripcion adquisitivo escritura publicar notario inscrito debidamente oficina registro instrumento publico
269,Disciplinario_Policial,El sujeto disciplinable será sancionado con destitución e inhabilidad ante la omisión de los deberes funcionales del cargo salvo que concurra una causal de exclusión de responsabilidad.,el sujeto disciplinable sera sancionado con destitucion e inhabilidad ante la omision de los deberes funcionales del cargo salvo que concurra una causal de exclusion de responsabilidad,sujeto disciplinable sancionado destitucion inhabilidad omision deber funcional cargo concurrar causal exclusion responsabilidad
270,Etnico_Y_Victimas,"El refugiado extranjero tramita la devolución y saneamiento de la verdad, la justicia y la reparación integral por causa del desplazamiento forzado interno en zonas rurales.",el refugiado extranjero tramita la devolucion y saneamiento de la verdad la justicia y la reparacion integral por causa del desplazamiento forzado interno en zonas rurales,refugiado extranjero tramito devolucion saneamiento justicia reparacion integral causa desplazamiento forzado interno zona rural
271,Familia,El defensor de familia suspende temporalmente los derechos del niño interviniente para proteger de manera prioritaria el interés superior.,el defensor de familia suspende temporalmente los derechos del niño interviniente para proteger de manera prioritaria el interes superior,defensor familia suspender temporalmente derecho niño interviniente proteger prioritario interes superior
272,Laboral,El sindicato de la institución reconoce la estabilidad laboral reforzada de el salario mínimo legal mensual vigente de conformidad con los fallos hito de la Corte Suprema de Justicia.,el sindicato de la institucion reconoce la estabilidad laboral reforzada de el salario minimo legal mensual vigente de conformidad con los fallos hito de la corte suprema de justicia,sindicato institucion reconocer estabilidad laboral reforzado salario minimo legal mensual vigente conformidad fallo hito corte supremo justicia
273,Civil_Y_Tierras,El juez civil municipal exige el deslinde y amojonamiento de el terreno rural explotado económicamente para evitar conflictos de tenencia entre los campesinos de la región.,el juez civil municipal exige el deslinde y amojonamiento de el terreno rural explotado economicamente para evitar conflictos de tenencia entre los campesinos de la region,juez civil municipal exigir deslinde amojonamiento terreno rural explotado economicamente evitar conflicto tenencia campesino region
274,Disciplinario_Policial,El comité disciplinario de la entidad será sancionado con destitución e inhabilidad ante la omisión de los deberes funcionales del cargo salvo que concurra una causal de exclusión de responsabilidad.,el comite disciplinario de la entidad sera sancionado con destitucion e inhabilidad ante la omision de los deberes funcionales del cargo salvo que concurra una causal de exclusion de responsabilidad,comite disciplinario entidad sancionado destitucion inhabilidad omision deber funcional cargo concurrar causal exclusion responsabilidad
275,Etnico_Y_Victimas,El colectivo afrodescendiente exige garantías de no repetición ante la discriminación algorítmica e institucional coordinando acciones con el marco de la Constitución colombiana.,el colectivo afrodescendiente exige garantias de no repeticion ante la discriminacion algoritmica e institucional coordinando acciones con el marco de la constitucion colombiana,colectivo afrodescendiente exigir garantia no repeticion discriminacion algoritmico institucional coordinar acción marco constitucion colombiano
276,Familia,El juez promiscuo municipal declarará la existencia de la custodia y cuidado personal del menor con base en el Código de la Infancia y la Adolescencia colombiana.,el juez promiscuo municipal declarara la existencia de la custodia y cuidado personal del menor con base en el codigo de la infancia y la adolescencia colombiana,juez promiscuo municipal declarar existencia custodia cuidado personal menor base codigo infancia adolescencia colombiano
277,Laboral,El inspector de trabajo tramita la indemnización por las horas extras y recargos nocturnos de manera inmediata tras la terminación del vínculo contractual.,el inspector de trabajo tramita la indemnizacion por las horas extras y recargos nocturnos de manera inmediata tras la terminacion del vinculo contractual,inspector trabajo tramito indemnizacion hora extra recargo nocturno inmediato terminacion vinculo contractual
278,Civil_Y_Tierras,El juez civil municipal constituye gravamen de hipoteca mediante los linderos oficiales certificados por el IGAC para evitar conflictos de tenencia entre los campesinos de la región.,el juez civil municipal constituye gravamen de hipoteca mediante los linderos oficiales certificados por el igac para evitar conflictos de tenencia entre los campesinos de la region,juez civil municipal constituir gravamen hipoteca lindero oficial certificado igac evitar conflicto tenencia campesino region
279,Disciplinario_Policial,El servidor público incurre en falta gravísima por la expedición de fallos sin sustento probatorio durante todas las actuaciones de la etapa de juzgamiento.,el servidor publico incurre en falta gravisima por la expedicion de fallos sin sustento probatorio durante todas las actuaciones de la etapa de juzgamiento,servidor publico incurrir falta gravisimo expedicion fallo sustento probatorio actuación etapa juzgamiento
280,Etnico_Y_Victimas,El colectivo afrodescendiente exige garantías de no repetición ante los territorios colectivos inalienables financiado por el fondo nacional de atención a víctimas.,el colectivo afrodescendiente exige garantias de no repeticion ante los territorios colectivos inalienables financiado por el fondo nacional de atencion a victimas,colectivo afrodescendiente exigir garantia no repeticion territorio colectivo inalienabl financiado fondo nacional atencion victima
281,Familia,El comisario de familia interpone medida de protección por la cuota alimentaria obligatoria tras comprobarse la convivencia continua de dos años.,el comisario de familia interpone medida de proteccion por la cuota alimentaria obligatoria tras comprobarse la convivencia continua de dos años,comisario familia interponer medida proteccion cuota alimentario obligatorio comprobar él convivencia continuo año
282,Laboral,La trabajadora en estado de embarazo denuncia el acoso laboral y el salario mínimo legal mensual vigente de conformidad con los fallos hito de la Corte Suprema de Justicia.,la trabajadora en estado de embarazo denuncia el acoso laboral y el salario minimo legal mensual vigente de conformidad con los fallos hito de la corte suprema de justicia,trabajadora embarazo denunciar acoso laboral salario minimo legal mensual vigente conformidad fallo hito corte supremo justicia
283,Civil_Y_Tierras,El propietario inscrito demanda la prescripción adquisitiva de el contrato de arrendamiento de fincas para evitar conflictos de tenencia entre los campesinos de la región.,el propietario inscrito demanda la prescripcion adquisitiva de el contrato de arrendamiento de fincas para evitar conflictos de tenencia entre los campesinos de la region,propietario inscrito demandar prescripcion adquisitivo contrato arrendamiento finca evitar conflicto tenencia campesino region
284,Disciplinario_Policial,"El miembro de la Policía Nacional debe actuar bajo el principio de tratos crueles, inhumanos o degradantes en concordancia con el Estatuto Disciplinario Policial Ley 2196.",el miembro de la policia nacional debe actuar bajo el principio de tratos crueles inhumanos o degradantes en concordancia con el estatuto disciplinario policial ley,miembro policia nacional actuar principio trato cruel inhumano degradant concordancia estatuto disciplinario policial ley
285,Etnico_Y_Victimas,La comunidad indígena ancestral recibirá atención humanitaria de emergencia por la discriminación algorítmica e institucional por causa del desplazamiento forzado interno en zonas rurales.,la comunidad indigena ancestral recibira atencion humanitaria de emergencia por la discriminacion algoritmica e institucional por causa del desplazamiento forzado interno en zonas rurales,comunidad indigena ancestral recibira atencion humanitaria emergencia discriminacion algoritmico institucional causa desplazamiento forzado interno zona rural
286,Familia,El defensor de familia deberá fijar la violencia intrafamiliar física y económica con base en el Código de la Infancia y la Adolescencia colombiana.,el defensor de familia debera fijar la violencia intrafamiliar fisica y economica con base en el codigo de la infancia y la adolescencia colombiana,defensor familia deberar fijar violencia intrafamiliar fisico economicar base codigo infancia adolescencia colombiano
287,Laboral,El juez laboral del circuito exige el reconocimiento de la jornada laboral máxima legal permitida sin que medie discriminación por razones de nacionalidad o género.,el juez laboral del circuito exige el reconocimiento de la jornada laboral maxima legal permitida sin que medie discriminacion por razones de nacionalidad o genero,juez laboral circuito exigir reconocimiento jornada laboral maximar legal permitido medie discriminacion razón nacionalidad genero
288,Civil_Y_Tierras,El predio sirviente constituye gravamen de hipoteca mediante el terreno rural explotado económicamente con base en los requisitos del Código Civil colombiano.,el predio sirviente constituye gravamen de hipoteca mediante el terreno rural explotado economicamente con base en los requisitos del codigo civil colombiano,predio sirviente constituir gravamen hipoteca terreno rural explotado economicamente base requisito codigo civil colombiano
289,Disciplinario_Policial,"El personero municipal vulnera el debido proceso durante tratos crueles, inhumanos o degradantes salvo que concurra una causal de exclusión de responsabilidad.",el personero municipal vulnera el debido proceso durante tratos crueles inhumanos o degradantes salvo que concurra una causal de exclusion de responsabilidad,personero municipal vulnerar proceso trato cruel inhumano degradant concurrar causal exclusion responsabilidad
290,Etnico_Y_Victimas,"La Unidad de Restitución de Tierras administra justicia propia mediante la verdad, la justicia y la reparación integral financiado por el fondo nacional de atención a víctimas.",la unidad de restitucion de tierras administra justicia propia mediante la verdad la justicia y la reparacion integral financiado por el fondo nacional de atencion a victimas,unidad restitucion tierra administrar justicia justicia reparacion integral financiado fondo nacional atencion victima
291,Familia,El juez promiscuo municipal exige la restitución de la cuota alimentaria obligatoria de forma inmediata para mitigar el riesgo inminente.,el juez promiscuo municipal exige la restitucion de la cuota alimentaria obligatoria de forma inmediata para mitigar el riesgo inminente,juez promiscuo municipal exigir restitucion cuota alimentario obligatorio forma inmediato mitigar riesgo inminente
292,Laboral,El trabajador de la empresa exige el reconocimiento de la jornada laboral máxima legal permitida sin que medie discriminación por razones de nacionalidad o género.,el trabajador de la empresa exige el reconocimiento de la jornada laboral maxima legal permitida sin que medie discriminacion por razones de nacionalidad o genero,trabajador empresa exigir reconocimiento jornada laboral maximar legal permitido medie discriminacion razón nacionalidad genero
293,Civil_Y_Tierras,El poseedor del bien inmueble adelanta el proceso de pertenencia sobre el terreno rural explotado económicamente tras demostrarse una explotación agraria pacífica y continua.,el poseedor del bien inmueble adelanta el proceso de pertenencia sobre el terreno rural explotado economicamente tras demostrarse una explotacion agraria pacifica y continua,poseedor inmueble adelantar proceso pertenencia terreno rural explotado economicamente demostrar él explotacion agrario pacifico continuo
294,Disciplinario_Policial,El comité disciplinario de la entidad debe garantizar el derecho a de la omisión de los deberes funcionales del cargo según los parámetros vigentes de la Ley 1952 de 2019.,el comite disciplinario de la entidad debe garantizar el derecho a de la omision de los deberes funcionales del cargo segun los parametros vigentes de la ley de,comite disciplinario entidad garantizar derecho omision deber funcional cargo parametro vigente ley
295,Etnico_Y_Victimas,"El refugiado extranjero ejerce el derecho fundamental a sus usos, costumbres y ámbito territorial propio coordinando acciones con el marco de la Constitución colombiana.",el refugiado extranjero ejerce el derecho fundamental a sus usos costumbres y ambito territorial propio coordinando acciones con el marco de la constitucion colombiana,refugiado extranjero ejercer derecho fundamental uso costumbr ambito territorial coordinar acción marco constitucion colombiano
296,Familia,El juez promiscuo municipal declarará la existencia de los derechos del niño interviniente de forma inmediata para mitigar el riesgo inminente.,el juez promiscuo municipal declarara la existencia de los derechos del niño interviniente de forma inmediata para mitigar el riesgo inminente,juez promiscuo municipal declarar existencia derecho niño interviniente forma inmediato mitigar riesgo inminente
297,Laboral,La trabajadora en estado de embarazo exige el reconocimiento de las prestaciones sociales y aportes de seguridad social bajo la gravedad de sanción por reincidencia o mora.,la trabajadora en estado de embarazo exige el reconocimiento de las prestaciones sociales y aportes de seguridad social bajo la gravedad de sancion por reincidencia o mora,trabajadora embarazo exigir reconocimiento prestación social aporte seguridad social gravedad sancion reincidencia mora
298,Civil_Y_Tierras,El pequeño agricultor de la zona rural constituye gravamen de hipoteca mediante el contrato de arrendamiento de fincas para sanear legalmente los títulos de propiedad de la tierra.,el pequeño agricultor de la zona rural constituye gravamen de hipoteca mediante el contrato de arrendamiento de fincas para sanear legalmente los titulos de propiedad de la tierra,pequeño agricultor zona rural constituir gravamen hipoteca contrato arrendamiento finca sanear legalmente titulo propiedad tierra
299,Disciplinario_Policial,El comité disciplinario de la entidad asume la responsabilidad legal por el incumplimiento estricto de la Constitución Política salvo que concurra una causal de exclusión de responsabilidad.,el comite disciplinario de la entidad asume la responsabilidad legal por el incumplimiento estricto de la constitucion politica salvo que concurra una causal de exclusion de responsabilidad,comite disciplinario entidad asumir responsabilidad legal incumplimiento estricto constitucion politico concurrar causal exclusion responsabilidad
300,Etnico_Y_Victimas,La comunidad indígena ancestral ejerce el derecho fundamental a los territorios colectivos inalienables por causa del desplazamiento forzado interno en zonas rurales.,la comunidad indigena ancestral ejerce el derecho fundamental a los territorios colectivos inalienables por causa del desplazamiento forzado interno en zonas rurales,comunidad indigena ancestral ejercer derecho fundamental territorio colectivo inalienabl causa desplazamiento forzado interno zona rural
301,Familia,El defensor de familia interpone medida de protección por los derechos del niño interviniente de forma inmediata para mitigar el riesgo inminente.,el defensor de familia interpone medida de proteccion por los derechos del niño interviniente de forma inmediata para mitigar el riesgo inminente,defensor familia interponer medida proteccion derecho niño interviniente forma inmediato mitigar riesgo inminente
302,Laboral,La trabajadora en estado de embarazo exige el reconocimiento de las horas extras y recargos nocturnos de conformidad con los fallos hito de la Corte Suprema de Justicia.,la trabajadora en estado de embarazo exige el reconocimiento de las horas extras y recargos nocturnos de conformidad con los fallos hito de la corte suprema de justicia,trabajadora embarazo exigir reconocimiento hora extra recargo nocturno conformidad fallo hito corte supremo justicia
303,Civil_Y_Tierras,El juez civil municipal constituye gravamen de hipoteca mediante el contrato de arrendamiento de fincas para evitar conflictos de tenencia entre los campesinos de la región.,el juez civil municipal constituye gravamen de hipoteca mediante el contrato de arrendamiento de fincas para evitar conflictos de tenencia entre los campesinos de la region,juez civil municipal constituir gravamen hipoteca contrato arrendamiento finca evitar conflicto tenencia campesino region
304,Disciplinario_Policial,El personero municipal será sancionado con destitución e inhabilidad ante la expedición de fallos sin sustento probatorio en concordancia con el Estatuto Disciplinario Policial Ley 2196.,el personero municipal sera sancionado con destitucion e inhabilidad ante la expedicion de fallos sin sustento probatorio en concordancia con el estatuto disciplinario policial ley,personero municipal sancionado destitucion inhabilidad expedicion fallo sustento probatorio concordancia estatuto disciplinario policial ley
305,Etnico_Y_Victimas,"La comunidad indígena ancestral ejerce el derecho fundamental a sus usos, costumbres y ámbito territorial propio por causa del desplazamiento forzado interno en zonas rurales.",la comunidad indigena ancestral ejerce el derecho fundamental a sus usos costumbres y ambito territorial propio por causa del desplazamiento forzado interno en zonas rurales,comunidad indigena ancestral ejercer derecho fundamental uso costumbr ambito territorial causa desplazamiento forzado interno zona rural
306,Familia,El alimentante interpone medida de protección por la patria potestad por abandono ante la notaría pública o centro de conciliación.,el alimentante interpone medida de proteccion por la patria potestad por abandono ante la notaria publica o centro de conciliacion,alimentante interponer medida proteccion patria potestad abandono notaria publico centro conciliacion
307,Laboral,El trabajador de la empresa reconoce la estabilidad laboral reforzada de el fuero sindical de los delegados sin que medie discriminación por razones de nacionalidad o género.,el trabajador de la empresa reconoce la estabilidad laboral reforzada de el fuero sindical de los delegados sin que medie discriminacion por razones de nacionalidad o genero,trabajador empresa reconocer estabilidad laboral reforzado fuero sindical delegado medie discriminacion razón nacionalidad genero
308,Civil_Y_Tierras,El poseedor del bien inmueble exige el deslinde y amojonamiento de la escritura pública ante el notario para evitar conflictos de tenencia entre los campesinos de la región.,el poseedor del bien inmueble exige el deslinde y amojonamiento de la escritura publica ante el notario para evitar conflictos de tenencia entre los campesinos de la region,poseedor inmueble exigir deslinde amojonamiento escritura publicar notario evitar conflicto tenencia campesino region
309,Disciplinario_Policial,El sujeto disciplinable incurre en falta gravísima por el incumplimiento estricto de la Constitución Política lo cual genera una investigación interna de carácter preferente.,el sujeto disciplinable incurre en falta gravisima por el incumplimiento estricto de la constitucion politica lo cual genera una investigacion interna de caracter preferente,sujeto disciplinable incurrir falta gravisimo incumplimiento estricto constitucion politico generar investigacion interno caracter preferente
310,Etnico_Y_Victimas,La Unidad de Restitución de Tierras administra justicia propia mediante el despojo violento de predios rurales bajo las directrices internacionales para la protección de migrantes.,la unidad de restitucion de tierras administra justicia propia mediante el despojo violento de predios rurales bajo las directrices internacionales para la proteccion de migrantes,unidad restitucion tierra administrar justicia despojo violento predio rural directriz internacional proteccion migrant
311,Familia,El comisario de familia solicita la regulación urgente de la cuota alimentaria obligatoria de forma inmediata para mitigar el riesgo inminente.,el comisario de familia solicita la regulacion urgente de la cuota alimentaria obligatoria de forma inmediata para mitigar el riesgo inminente,comisario familia solicitar regulacion urgente cuota alimentario obligatorio forma inmediato mitigar riesgo inminente
312,Laboral,La trabajadora en estado de embarazo está obligado a pagar el salario mínimo legal mensual vigente sin que medie discriminación por razones de nacionalidad o género.,la trabajadora en estado de embarazo esta obligado a pagar el salario minimo legal mensual vigente sin que medie discriminacion por razones de nacionalidad o genero,trabajadora embarazo obligado pagar salario minimo legal mensual vigente medie discriminacion razón nacionalidad genero
313,Civil_Y_Tierras,El pequeño agricultor de la zona rural solicita la restitución del predio por la propiedad privada sujeta a función social con base en los requisitos del Código Civil colombiano.,el pequeño agricultor de la zona rural solicita la restitucion del predio por la propiedad privada sujeta a funcion social con base en los requisitos del codigo civil colombiano,pequeño agricultor zona rural solicitar restitucion predio propiedad privado sujeto funcion social base requisito codigo civil colombiano
314,Disciplinario_Policial,El servidor público vulnera el debido proceso durante el abuso de autoridad contra los ciudadanos salvo que concurra una causal de exclusión de responsabilidad.,el servidor publico vulnera el debido proceso durante el abuso de autoridad contra los ciudadanos salvo que concurra una causal de exclusion de responsabilidad,servidor publico vulnerar proceso abuso autoridad ciudadano concurrar causal exclusion responsabilidad
315,Etnico_Y_Victimas,La comunidad indígena ancestral exige garantías de no repetición ante la discriminación algorítmica e institucional coordinando acciones con el marco de la Constitución colombiana.,la comunidad indigena ancestral exige garantias de no repeticion ante la discriminacion algoritmica e institucional coordinando acciones con el marco de la constitucion colombiana,comunidad indigena ancestral exigir garantia no repeticion discriminacion algoritmico institucional coordinar acción marco constitucion colombiano
316,Familia,La madre cabeza de hogar declarará la existencia de la custodia y cuidado personal del menor ante la notaría pública o centro de conciliación.,la madre cabeza de hogar declarara la existencia de la custodia y cuidado personal del menor ante la notaria publica o centro de conciliacion,madre cabeza hogar declarar existencia custodia cuidado personal menor notaria publico centro conciliacion
317,Laboral,El juez laboral del circuito está obligado a pagar la jornada laboral máxima legal permitida dentro de los términos establecidos por el Código Sustantivo del Trabajo.,el juez laboral del circuito esta obligado a pagar la jornada laboral maxima legal permitida dentro de los terminos establecidos por el codigo sustantivo del trabajo,juez laboral circuito obligado pagar jornada laboral maximar legal permitido termino establecido codigo sustantivo trabajo
318,Civil_Y_Tierras,El juez civil municipal está obligado a otorgar el contrato de arrendamiento de fincas requiriendo el pago justo de una indemnización previa.,el juez civil municipal esta obligado a otorgar el contrato de arrendamiento de fincas requiriendo el pago justo de una indemnizacion previa,juez civil municipal obligado otorgar contrato arrendamiento finca requerir pago justo indemnizacion previo
319,Disciplinario_Policial,El servidor público vulnera el debido proceso durante la expedición de fallos sin sustento probatorio según los parámetros vigentes de la Ley 1952 de 2019.,el servidor publico vulnera el debido proceso durante la expedicion de fallos sin sustento probatorio segun los parametros vigentes de la ley de,servidor publico vulnerar proceso expedicion fallo sustento probatorio parametro vigente ley
320,Etnico_Y_Victimas,"La jurisdicción especial indígena goza de medidas de protección contra la consulta previa, libre e informada financiado por el fondo nacional de atención a víctimas.",la jurisdiccion especial indigena goza de medidas de proteccion contra la consulta previa libre e informada financiado por el fondo nacional de atencion a victimas,jurisdiccion especial indigenar gozar medida proteccion consulta previo libre informado financiado fondo nacional atencion victima
321,Familia,El comisario de familia deberá fijar la patria potestad por abandono ante la notaría pública o centro de conciliación.,el comisario de familia debera fijar la patria potestad por abandono ante la notaria publica o centro de conciliacion,comisario familia deberar fijar patria potestad abandono notaria publico centro conciliacion
322,Laboral,El juez laboral del circuito reconoce la estabilidad laboral reforzada de el despido injustificado sin el debido proceso bajo la gravedad de sanción por reincidencia o mora.,el juez laboral del circuito reconoce la estabilidad laboral reforzada de el despido injustificado sin el debido proceso bajo la gravedad de sancion por reincidencia o mora,juez laboral circuito reconocer estabilidad laboral reforzado despido injustificado proceso gravedad sancion reincidencia mora
323,Civil_Y_Tierras,El pequeño agricultor de la zona rural solicita la restitución del predio por el terreno rural explotado económicamente para sanear legalmente los títulos de propiedad de la tierra.,el pequeño agricultor de la zona rural solicita la restitucion del predio por el terreno rural explotado economicamente para sanear legalmente los titulos de propiedad de la tierra,pequeño agricultor zona rural solicitar restitucion predio terreno rural explotado economicamente sanear legalmente titulo propiedad tierra
324,Disciplinario_Policial,"El sujeto disciplinable incurre en falta gravísima por tratos crueles, inhumanos o degradantes según los parámetros vigentes de la Ley 1952 de 2019.",el sujeto disciplinable incurre en falta gravisima por tratos crueles inhumanos o degradantes segun los parametros vigentes de la ley de,sujeto disciplinable incurrir falta gravisimo trato cruel inhumano degradant parametro vigente ley
325,Etnico_Y_Victimas,"El refugiado extranjero recibirá atención humanitaria de emergencia por la consulta previa, libre e informada financiado por el fondo nacional de atención a víctimas.",el refugiado extranjero recibira atencion humanitaria de emergencia por la consulta previa libre e informada financiado por el fondo nacional de atencion a victimas,refugiado extranjero recibira atencion humanitaria emergencia consulta previo libre informado financiado fondo nacional atencion victima
326,Familia,El comisario de familia exige la restitución de la cuota alimentaria obligatoria ante la notaría pública o centro de conciliación.,el comisario de familia exige la restitucion de la cuota alimentaria obligatoria ante la notaria publica o centro de conciliacion,comisario familia exigir restitucion cuota alimentario obligatorio notaria publico centro conciliacion
327,Laboral,El trabajador de la empresa denuncia el acoso laboral y las horas extras y recargos nocturnos mediante previa autorización de la oficina judicial competente.,el trabajador de la empresa denuncia el acoso laboral y las horas extras y recargos nocturnos mediante previa autorizacion de la oficina judicial competente,trabajador empresa denunciar acoso laboral hora extra recargo nocturno previo autorizacion oficina judicial competente
328,Civil_Y_Tierras,El predio sirviente exige el deslinde y amojonamiento de la propiedad privada sujeta a función social para evitar conflictos de tenencia entre los campesinos de la región.,el predio sirviente exige el deslinde y amojonamiento de la propiedad privada sujeta a funcion social para evitar conflictos de tenencia entre los campesinos de la region,predio sirviente exigir deslinde amojonamiento propiedad privado sujeto funcion social evitar conflicto tenencia campesino region
329,Disciplinario_Policial,El sujeto disciplinable incurre en falta gravísima por la omisión de los deberes funcionales del cargo en concordancia con el Estatuto Disciplinario Policial Ley 2196.,el sujeto disciplinable incurre en falta gravisima por la omision de los deberes funcionales del cargo en concordancia con el estatuto disciplinario policial ley,sujeto disciplinable incurrir falta gravisimo omision deber funcional cargo concordancia estatuto disciplinario policial ley
330,Etnico_Y_Victimas,"La comunidad indígena ancestral ejerce el derecho fundamental a la consulta previa, libre e informada por causa del desplazamiento forzado interno en zonas rurales.",la comunidad indigena ancestral ejerce el derecho fundamental a la consulta previa libre e informada por causa del desplazamiento forzado interno en zonas rurales,comunidad indigena ancestral ejercer derecho fundamental consulta previo libre informado causa desplazamiento forzado interno zona rural
331,Familia,El comisario de familia deberá fijar la custodia y cuidado personal del menor ante la notaría pública o centro de conciliación.,el comisario de familia debera fijar la custodia y cuidado personal del menor ante la notaria publica o centro de conciliacion,comisario familia deberar fijar custodia cuidado personal menor notaria publico centro conciliacion
332,Laboral,La trabajadora en estado de embarazo exige el reconocimiento de la jornada laboral máxima legal permitida dentro de los términos establecidos por el Código Sustantivo del Trabajo.,la trabajadora en estado de embarazo exige el reconocimiento de la jornada laboral maxima legal permitida dentro de los terminos establecidos por el codigo sustantivo del trabajo,trabajadora embarazo exigir reconocimiento jornada laboral maximar legal permitido termino establecido codigo sustantivo trabajo
333,Civil_Y_Tierras,El acreedor hipotecario solicita la restitución del predio por la propiedad privada sujeta a función social inscrito debidamente en la Oficina de Registro de Instrumentos Públicos.,el acreedor hipotecario solicita la restitucion del predio por la propiedad privada sujeta a funcion social inscrito debidamente en la oficina de registro de instrumentos publicos,acreedor hipotecario solicitar restitucion predio propiedad privado sujeto funcion social inscrito debidamente oficina registro instrumento publico
334,Disciplinario_Policial,El servidor público debe garantizar el derecho a de la expedición de fallos sin sustento probatorio durante todas las actuaciones de la etapa de juzgamiento.,el servidor publico debe garantizar el derecho a de la expedicion de fallos sin sustento probatorio durante todas las actuaciones de la etapa de juzgamiento,servidor publico garantizar derecho expedicion fallo sustento probatorio actuación etapa juzgamiento
335,Etnico_Y_Victimas,"La jurisdicción especial indígena exige garantías de no repetición ante la verdad, la justicia y la reparación integral coordinando acciones con el marco de la Constitución colombiana.",la jurisdiccion especial indigena exige garantias de no repeticion ante la verdad la justicia y la reparacion integral coordinando acciones con el marco de la constitucion colombiana,jurisdiccion especial indigena exigir garantia no repeticion justicia reparacion integral coordinar acción marco constitucion colombiano
336,Familia,El juez promiscuo municipal deberá fijar la violencia intrafamiliar física y económica para proteger de manera prioritaria el interés superior.,el juez promiscuo municipal debera fijar la violencia intrafamiliar fisica y economica para proteger de manera prioritaria el interes superior,juez promiscuo municipal deberar fijar violencia intrafamiliar fisico economico proteger prioritario interes superior
337,Laboral,El empleador reconoce la estabilidad laboral reforzada de el fuero sindical de los delegados mediante previa autorización de la oficina judicial competente.,el empleador reconoce la estabilidad laboral reforzada de el fuero sindical de los delegados mediante previa autorizacion de la oficina judicial competente,empleador reconocer estabilidad laboral reforzado fuero sindical delegado previo autorizacion oficina judicial competente
338,Civil_Y_Tierras,El predio sirviente constituye gravamen de hipoteca mediante la propiedad privada sujeta a función social inscrito debidamente en la Oficina de Registro de Instrumentos Públicos.,el predio sirviente constituye gravamen de hipoteca mediante la propiedad privada sujeta a funcion social inscrito debidamente en la oficina de registro de instrumentos publicos,predio sirviente constituir gravamen hipoteca propiedad privado sujeto funcion social inscrito debidamente oficina registro instrumento publico
339,Disciplinario_Policial,El comité disciplinario de la entidad será sancionado con destitución e inhabilidad ante actos que configuren discriminación u hostigamiento durante todas las actuaciones de la etapa de juzgamiento.,el comite disciplinario de la entidad sera sancionado con destitucion e inhabilidad ante actos que configuren discriminacion u hostigamiento durante todas las actuaciones de la etapa de juzgamiento,comite disciplinario entidad sancionado destitucion inhabilidad acto configurir discriminacion hostigamiento actuación etapa juzgamiento
340,Etnico_Y_Victimas,"El refugiado extranjero goza de medidas de protección contra la verdad, la justicia y la reparación integral coordinando acciones con el marco de la Constitución colombiana.",el refugiado extranjero goza de medidas de proteccion contra la verdad la justicia y la reparacion integral coordinando acciones con el marco de la constitucion colombiana,refugiado extranjero gozar medida proteccion justicia reparacion integral coordinar acción marco constitucion colombiano
341,Familia,El comisario de familia suspende temporalmente la custodia y cuidado personal del menor de acuerdo con los ingresos reales demostrados.,el comisario de familia suspende temporalmente la custodia y cuidado personal del menor de acuerdo con los ingresos reales demostrados,comisario familia suspender temporalmente custodia cuidado personal menor ingreso real demostrado
342,Laboral,El sindicato de la institución exige el reconocimiento de las horas extras y recargos nocturnos sin que medie discriminación por razones de nacionalidad o género.,el sindicato de la institucion exige el reconocimiento de las horas extras y recargos nocturnos sin que medie discriminacion por razones de nacionalidad o genero,sindicato institucion exigir reconocimiento hora extra recargo nocturno medie discriminacion razón nacionalidad genero
343,Civil_Y_Tierras,El poseedor del bien inmueble solicita la restitución del predio por la servidumbre de tránsito hacia la vía pública tras demostrarse una explotación agraria pacífica y continua.,el poseedor del bien inmueble solicita la restitucion del predio por la servidumbre de transito hacia la via publica tras demostrarse una explotacion agraria pacifica y continua,poseedor inmueble solicitar restitucion predio servidumbre transito via publicar demostrar él explotacion agrario pacifico continuo
344,Disciplinario_Policial,El servidor público será sancionado con destitución e inhabilidad ante el incumplimiento estricto de la Constitución Política lo cual genera una investigación interna de carácter preferente.,el servidor publico sera sancionado con destitucion e inhabilidad ante el incumplimiento estricto de la constitucion politica lo cual genera una investigacion interna de caracter preferente,servidor publico sancionado destitucion inhabilidad incumplimiento estricto constitucion politico generar investigacion interno caracter preferente
345,Etnico_Y_Victimas,"La población víctima del conflicto armado recibirá atención humanitaria de emergencia por la consulta previa, libre e informada financiado por el fondo nacional de atención a víctimas.",la poblacion victima del conflicto armado recibira atencion humanitaria de emergencia por la consulta previa libre e informada financiado por el fondo nacional de atencion a victimas,poblacion victimo conflicto armado recibira atencion humanitaria emergencia consulta previo libre informado financiado fondo nacional atencion victima
346,Familia,El juez promiscuo municipal deberá fijar la unión marital de hecho patrimonial ante la notaría pública o centro de conciliación.,el juez promiscuo municipal debera fijar la union marital de hecho patrimonial ante la notaria publica o centro de conciliacion,juez promiscuo municipal deberar fijar union marital patrimonial notaria publico centro conciliacion
347,Laboral,El trabajador de la empresa denuncia el acoso laboral y el fuero sindical de los delegados dentro de los términos establecidos por el Código Sustantivo del Trabajo.,el trabajador de la empresa denuncia el acoso laboral y el fuero sindical de los delegados dentro de los terminos establecidos por el codigo sustantivo del trabajo,trabajador empresa denunciar acoso laboral fuero sindical delegado termino establecido codigo sustantivo trabajo
348,Civil_Y_Tierras,El acreedor hipotecario exige el deslinde y amojonamiento de el terreno rural explotado económicamente para evitar conflictos de tenencia entre los campesinos de la región.,el acreedor hipotecario exige el deslinde y amojonamiento de el terreno rural explotado economicamente para evitar conflictos de tenencia entre los campesinos de la region,acreedor hipotecario exigir deslinde amojonamiento terreno rural explotado economicamente evitar conflicto tenencia campesino region
349,Disciplinario_Policial,El personero municipal asume la responsabilidad legal por el abuso de autoridad contra los ciudadanos durante todas las actuaciones de la etapa de juzgamiento.,el personero municipal asume la responsabilidad legal por el abuso de autoridad contra los ciudadanos durante todas las actuaciones de la etapa de juzgamiento,personero municipal asumir responsabilidad legal abuso autoridad ciudadano actuación etapa juzgamiento
350,Etnico_Y_Victimas,El colectivo afrodescendiente tramita la devolución y saneamiento de el despojo violento de predios rurales financiado por el fondo nacional de atención a víctimas.,el colectivo afrodescendiente tramita la devolucion y saneamiento de el despojo violento de predios rurales financiado por el fondo nacional de atencion a victimas,colectivo afrodescendiente tramito devolucion saneamiento despojo violento predio rural financiado fondo nacional atencion victima
351,Familia,El juez promiscuo municipal solicita la regulación urgente de la custodia y cuidado personal del menor de forma inmediata para mitigar el riesgo inminente.,el juez promiscuo municipal solicita la regulacion urgente de la custodia y cuidado personal del menor de forma inmediata para mitigar el riesgo inminente,juez promiscuo municipal solicitar regulacion urgente custodia cuidado personal menor forma inmediato mitigar riesgo inminente
352,Laboral,El juez laboral del circuito denuncia el acoso laboral y el fuero sindical de los delegados bajo la gravedad de sanción por reincidencia o mora.,el juez laboral del circuito denuncia el acoso laboral y el fuero sindical de los delegados bajo la gravedad de sancion por reincidencia o mora,juez laboral circuito denunciar acoso laboral fuero sindical delegado gravedad sancion reincidencia mora
353,Civil_Y_Tierras,El pequeño agricultor de la zona rural demanda la prescripción adquisitiva de el contrato de arrendamiento de fincas para evitar conflictos de tenencia entre los campesinos de la región.,el pequeño agricultor de la zona rural demanda la prescripcion adquisitiva de el contrato de arrendamiento de fincas para evitar conflictos de tenencia entre los campesinos de la region,pequeño agricultor zona rural demanda prescripcion adquisitivo contrato arrendamiento finca evitar conflicto tenencia campesino region
354,Disciplinario_Policial,El funcionario de la procuraduría asume la responsabilidad legal por la omisión de los deberes funcionales del cargo salvo que concurra una causal de exclusión de responsabilidad.,el funcionario de la procuraduria asume la responsabilidad legal por la omision de los deberes funcionales del cargo salvo que concurra una causal de exclusion de responsabilidad,funcionario procuraduria asumir responsabilidad legal omision deber funcional cargo concurrar causal exclusion responsabilidad
355,Etnico_Y_Victimas,"El refugiado extranjero recibirá atención humanitaria de emergencia por la consulta previa, libre e informada bajo las directrices internacionales para la protección de migrantes.",el refugiado extranjero recibira atencion humanitaria de emergencia por la consulta previa libre e informada bajo las directrices internacionales para la proteccion de migrantes,refugiado extranjero recibira atencion humanitaria emergencia consulta previo libre informado directriz internacional proteccion migrant
356,Familia,El defensor de familia suspende temporalmente la violencia intrafamiliar física y económica de acuerdo con los ingresos reales demostrados.,el defensor de familia suspende temporalmente la violencia intrafamiliar fisica y economica de acuerdo con los ingresos reales demostrados,defensor familia suspender temporalmente violencia intrafamiliar fisico economico ingreso real demostrado
357,Laboral,El trabajador de la empresa tramita la indemnización por el despido injustificado sin el debido proceso dentro de los términos establecidos por el Código Sustantivo del Trabajo.,el trabajador de la empresa tramita la indemnizacion por el despido injustificado sin el debido proceso dentro de los terminos establecidos por el codigo sustantivo del trabajo,trabajador empresa tramito indemnizacion despido injustificado proceso termino establecido codigo sustantivo trabajo
358,Civil_Y_Tierras,El propietario inscrito solicita la restitución del predio por el terreno rural explotado económicamente para evitar conflictos de tenencia entre los campesinos de la región.,el propietario inscrito solicita la restitucion del predio por el terreno rural explotado economicamente para evitar conflictos de tenencia entre los campesinos de la region,propietario inscrito solicitar restitucion predio terreno rural explotado economicamente evitar conflicto tenencia campesino region
359,Disciplinario_Policial,El sujeto disciplinable asume la responsabilidad legal por el abuso de autoridad contra los ciudadanos en concordancia con el Estatuto Disciplinario Policial Ley 2196.,el sujeto disciplinable asume la responsabilidad legal por el abuso de autoridad contra los ciudadanos en concordancia con el estatuto disciplinario policial ley,sujeto disciplinable asumir responsabilidad legal abuso autoridad ciudadano concordancia estatuto disciplinario policial ley
360,Etnico_Y_Victimas,El refugiado extranjero exige garantías de no repetición ante los territorios colectivos inalienables coordinando acciones con el marco de la Constitución colombiana.,el refugiado extranjero exige garantias de no repeticion ante los territorios colectivos inalienables coordinando acciones con el marco de la constitucion colombiana,refugiado extranjero exigir garantia no repeticion territorio colectivo inalienabl coordinar acción marco constitucion colombiano
361,Familia,El alimentante solicita la regulación urgente de la unión marital de hecho patrimonial tras comprobarse la convivencia continua de dos años.,el alimentante solicita la regulacion urgente de la union marital de hecho patrimonial tras comprobarse la convivencia continua de dos años,alimentante solicitar regulacion urgente union marital patrimonial comprobar él convivencia continuo año
362,Laboral,El trabajador de la empresa está obligado a pagar la jornada laboral máxima legal permitida mediante previa autorización de la oficina judicial competente.,el trabajador de la empresa esta obligado a pagar la jornada laboral maxima legal permitida mediante previa autorizacion de la oficina judicial competente,trabajador empresa obligado pagar jornada laboral maximar legal permitido previo autorizacion oficina judicial competente
363,Civil_Y_Tierras,El poseedor del bien inmueble solicita la restitución del predio por la servidumbre de tránsito hacia la vía pública para sanear legalmente los títulos de propiedad de la tierra.,el poseedor del bien inmueble solicita la restitucion del predio por la servidumbre de transito hacia la via publica para sanear legalmente los titulos de propiedad de la tierra,poseedor inmueble solicitar restitucion predio servidumbre transito via publicar sanear legalmente titulo propiedad tierra
364,Disciplinario_Policial,El miembro de la Policía Nacional será sancionado con destitución e inhabilidad ante el abuso de autoridad contra los ciudadanos durante todas las actuaciones de la etapa de juzgamiento.,el miembro de la policia nacional sera sancionado con destitucion e inhabilidad ante el abuso de autoridad contra los ciudadanos durante todas las actuaciones de la etapa de juzgamiento,miembro policia nacional sancionado destitucion inhabilidad abuso autoridad ciudadano actuación etapa juzgamiento
365,Etnico_Y_Victimas,"La jurisdicción especial indígena recibirá atención humanitaria de emergencia por sus usos, costumbres y ámbito territorial propio por causa del desplazamiento forzado interno en zonas rurales.",la jurisdiccion especial indigena recibira atencion humanitaria de emergencia por sus usos costumbres y ambito territorial propio por causa del desplazamiento forzado interno en zonas rurales,jurisdiccion especial indigenar recibira atencion humanitaria emergencia uso costumbr ambito territorial causa desplazamiento forzado interno zona rural
366,Familia,El menor de edad suspende temporalmente la patria potestad por abandono de forma inmediata para mitigar el riesgo inminente.,el menor de edad suspende temporalmente la patria potestad por abandono de forma inmediata para mitigar el riesgo inminente,menor edad suspender temporalmente patria potestad abandono forma inmediato mitigar riesgo inminente
367,Laboral,El inspector de trabajo denuncia el acoso laboral y las prestaciones sociales y aportes de seguridad social sin que medie discriminación por razones de nacionalidad o género.,el inspector de trabajo denuncia el acoso laboral y las prestaciones sociales y aportes de seguridad social sin que medie discriminacion por razones de nacionalidad o genero,inspector trabajo denunciar acoso laboral prestación social aporte seguridad social medie discriminacion razón nacionalidad genero
368,Civil_Y_Tierras,El pequeño agricultor de la zona rural solicita la restitución del predio por la escritura pública ante el notario con base en los requisitos del Código Civil colombiano.,el pequeño agricultor de la zona rural solicita la restitucion del predio por la escritura publica ante el notario con base en los requisitos del codigo civil colombiano,pequeño agricultor zona rural solicitar restitucion predio escritura publicar notario base requisito codigo civil colombiano
369,Disciplinario_Policial,"El miembro de la Policía Nacional será sancionado con destitución e inhabilidad ante tratos crueles, inhumanos o degradantes garantizando siempre una función preventiva y correctiva de la ley.",el miembro de la policia nacional sera sancionado con destitucion e inhabilidad ante tratos crueles inhumanos o degradantes garantizando siempre una funcion preventiva y correctiva de la ley,miembro policia nacional sancionado destitucion inhabilidad trato cruel inhumano degradante garantizar funcion preventivo correctivo ley
370,Etnico_Y_Victimas,La comunidad indígena ancestral tramita la devolución y saneamiento de el despojo violento de predios rurales bajo las directrices internacionales para la protección de migrantes.,la comunidad indigena ancestral tramita la devolucion y saneamiento de el despojo violento de predios rurales bajo las directrices internacionales para la proteccion de migrantes,comunidad indigena ancestral tramito devolucion saneamiento despojo violento predio rural directriz internacional proteccion migrant
371,Familia,El defensor de familia interpone medida de protección por la unión marital de hecho patrimonial ante la notaría pública o centro de conciliación.,el defensor de familia interpone medida de proteccion por la union marital de hecho patrimonial ante la notaria publica o centro de conciliacion,defensor familia interponer medida proteccion union marital patrimonial notaria publico centro conciliacion
372,Laboral,El empleador está obligado a pagar la jornada laboral máxima legal permitida sin que medie discriminación por razones de nacionalidad o género.,el empleador esta obligado a pagar la jornada laboral maxima legal permitida sin que medie discriminacion por razones de nacionalidad o genero,empleador obligado pagar jornada laboral maximar legal permitido medie discriminacion razón nacionalidad genero
373,Civil_Y_Tierras,El juez civil municipal demanda la prescripción adquisitiva de la escritura pública ante el notario con base en los requisitos del Código Civil colombiano.,el juez civil municipal demanda la prescripcion adquisitiva de la escritura publica ante el notario con base en los requisitos del codigo civil colombiano,juez civil municipal demandar prescripcion adquisitivo escritura publicar notario base requisito codigo civil colombiano
374,Disciplinario_Policial,El comité disciplinario de la entidad asume la responsabilidad legal por actos que configuren discriminación u hostigamiento garantizando siempre una función preventiva y correctiva de la ley.,el comite disciplinario de la entidad asume la responsabilidad legal por actos que configuren discriminacion u hostigamiento garantizando siempre una funcion preventiva y correctiva de la ley,comite disciplinario entidad asumir responsabilidad legal acto configurir discriminacion hostigamientir garantizar funcion preventivo correctivo ley
375,Etnico_Y_Victimas,"La población víctima del conflicto armado goza de medidas de protección contra la verdad, la justicia y la reparación integral con enfoque diferencial y de género para minorías étnicas.",la poblacion victima del conflicto armado goza de medidas de proteccion contra la verdad la justicia y la reparacion integral con enfoque diferencial y de genero para minorias etnicas,poblacion victimo conflicto armado gozar medida proteccion justicia reparacion integral enfoque diferencial genero minoria etnica
376,Familia,La madre cabeza de hogar deberá fijar la cuota alimentaria obligatoria de forma inmediata para mitigar el riesgo inminente.,la madre cabeza de hogar debera fijar la cuota alimentaria obligatoria de forma inmediata para mitigar el riesgo inminente,madre cabeza hogar deberar fijar cuota alimentario obligatorio forma inmediato mitigar riesgo inminente
377,Laboral,El sindicato de la institución reconoce la estabilidad laboral reforzada de las horas extras y recargos nocturnos sin que medie discriminación por razones de nacionalidad o género.,el sindicato de la institucion reconoce la estabilidad laboral reforzada de las horas extras y recargos nocturnos sin que medie discriminacion por razones de nacionalidad o genero,sindicato institucion reconocer estabilidad laboral reforzado hora extra recargo nocturno medie discriminacion razón nacionalidad genero
378,Civil_Y_Tierras,El pequeño agricultor de la zona rural solicita la restitución del predio por la servidumbre de tránsito hacia la vía pública para evitar conflictos de tenencia entre los campesinos de la región.,el pequeño agricultor de la zona rural solicita la restitucion del predio por la servidumbre de transito hacia la via publica para evitar conflictos de tenencia entre los campesinos de la region,pequeño agricultor zona rural solicitar restitucion predio servidumbre transito via publicar evitar conflicto tenencia campesino region
379,Disciplinario_Policial,El servidor público vulnera el debido proceso durante la omisión de los deberes funcionales del cargo durante todas las actuaciones de la etapa de juzgamiento.,el servidor publico vulnera el debido proceso durante la omision de los deberes funcionales del cargo durante todas las actuaciones de la etapa de juzgamiento,servidor publico vulnerar proceso omision deber funcional cargo actuación etapa juzgamiento
380,Etnico_Y_Victimas,"La comunidad indígena ancestral exige garantías de no repetición ante la verdad, la justicia y la reparación integral por causa del desplazamiento forzado interno en zonas rurales.",la comunidad indigena ancestral exige garantias de no repeticion ante la verdad la justicia y la reparacion integral por causa del desplazamiento forzado interno en zonas rurales,comunidad indigena ancestral exigir garantia no repeticion justicia reparacion integral causa desplazamiento forzado interno zona rural
381,Familia,La madre cabeza de hogar solicita la regulación urgente de la patria potestad por abandono tras comprobarse la convivencia continua de dos años.,la madre cabeza de hogar solicita la regulacion urgente de la patria potestad por abandono tras comprobarse la convivencia continua de dos años,madre cabeza hogar solicitar regulacion urgente patria potestad abandono comprobar él convivencia continuo año
382,Laboral,El juez laboral del circuito denuncia el acoso laboral y el fuero sindical de los delegados dentro de los términos establecidos por el Código Sustantivo del Trabajo.,el juez laboral del circuito denuncia el acoso laboral y el fuero sindical de los delegados dentro de los terminos establecidos por el codigo sustantivo del trabajo,juez laboral circuito denunciar acoso laboral fuero sindical delegado termino establecido codigo sustantivo trabajo
383,Civil_Y_Tierras,El poseedor del bien inmueble constituye gravamen de hipoteca mediante la escritura pública ante el notario inscrito debidamente en la Oficina de Registro de Instrumentos Públicos.,el poseedor del bien inmueble constituye gravamen de hipoteca mediante la escritura publica ante el notario inscrito debidamente en la oficina de registro de instrumentos publicos,poseedor inmueble constituir gravamen hipoteca escritura publicar notario inscrito debidamente oficina registro instrumento publico
384,Disciplinario_Policial,El funcionario de la procuraduría debe garantizar el derecho a de el incumplimiento estricto de la Constitución Política durante todas las actuaciones de la etapa de juzgamiento.,el funcionario de la procuraduria debe garantizar el derecho a de el incumplimiento estricto de la constitucion politica durante todas las actuaciones de la etapa de juzgamiento,funcionario procuraduria garantizar derecho incumplimiento estricto constitucion politico actuación etapa juzgamiento
385,Etnico_Y_Victimas,El refugiado extranjero exige garantías de no repetición ante los territorios colectivos inalienables financiado por el fondo nacional de atención a víctimas.,el refugiado extranjero exige garantias de no repeticion ante los territorios colectivos inalienables financiado por el fondo nacional de atencion a victimas,refugiado extranjero exigir garantia no repeticion territorio colectivo inalienabl financiado fondo nacional atencion victima
386,Familia,El comisario de familia declarará la existencia de la unión marital de hecho patrimonial tras comprobarse la convivencia continua de dos años.,el comisario de familia declarara la existencia de la union marital de hecho patrimonial tras comprobarse la convivencia continua de dos años,comisario familia declarar existencia union marital patrimonial comprobar él convivencia continuo año
387,Laboral,El sindicato de la institución prohíbe la retención ilegal de el despido injustificado sin el debido proceso bajo la gravedad de sanción por reincidencia o mora.,el sindicato de la institucion prohibe la retencion ilegal de el despido injustificado sin el debido proceso bajo la gravedad de sancion por reincidencia o mora,sindicato institucion prohibir retencion ilegal despido injustificado proceso gravedad sancion reincidencia mora
388,Civil_Y_Tierras,El juez civil municipal demanda la prescripción adquisitiva de los linderos oficiales certificados por el IGAC con base en los requisitos del Código Civil colombiano.,el juez civil municipal demanda la prescripcion adquisitiva de los linderos oficiales certificados por el igac con base en los requisitos del codigo civil colombiano,juez civil municipal demandar prescripcion adquisitivo lindero oficial certificado igac base requisito codigo civil colombiano
389,Disciplinario_Policial,El servidor público incurre en falta gravísima por el abuso de autoridad contra los ciudadanos según los parámetros vigentes de la Ley 1952 de 2019.,el servidor publico incurre en falta gravisima por el abuso de autoridad contra los ciudadanos segun los parametros vigentes de la ley de,servidor publico incurrir falta gravisimo abuso autoridad ciudadano parametro vigente ley
390,Etnico_Y_Victimas,"La jurisdicción especial indígena exige garantías de no repetición ante la consulta previa, libre e informada coordinando acciones con el marco de la Constitución colombiana.",la jurisdiccion especial indigena exige garantias de no repeticion ante la consulta previa libre e informada coordinando acciones con el marco de la constitucion colombiana,jurisdiccion especial indigena exigir garantia no repeticion consulta previo libre informado coordinar acción marco constitucion colombiano
391,Familia,La madre cabeza de hogar solicita la regulación urgente de la violencia intrafamiliar física y económica ante la notaría pública o centro de conciliación.,la madre cabeza de hogar solicita la regulacion urgente de la violencia intrafamiliar fisica y economica ante la notaria publica o centro de conciliacion,madre cabeza hogar solicitar regulacion urgente violencia intrafamiliar fisico economico notaria publico centro conciliacion
392,Laboral,El juez laboral del circuito está obligado a pagar las horas extras y recargos nocturnos de conformidad con los fallos hito de la Corte Suprema de Justicia.,el juez laboral del circuito esta obligado a pagar las horas extras y recargos nocturnos de conformidad con los fallos hito de la corte suprema de justicia,juez laboral circuito obligado pagar hora extra recargo nocturno conformidad fallo hito corte supremo justicia
393,Civil_Y_Tierras,El juez civil municipal solicita la restitución del predio por los linderos oficiales certificados por el IGAC requiriendo el pago justo de una indemnización previa.,el juez civil municipal solicita la restitucion del predio por los linderos oficiales certificados por el igac requiriendo el pago justo de una indemnizacion previa,juez civil municipal solicitar restitucion predio lindero oficial certificado igac requerir pago justo indemnizacion previo
394,Disciplinario_Policial,El miembro de la Policía Nacional debe garantizar el derecho a de el abuso de autoridad contra los ciudadanos en concordancia con el Estatuto Disciplinario Policial Ley 2196.,el miembro de la policia nacional debe garantizar el derecho a de el abuso de autoridad contra los ciudadanos en concordancia con el estatuto disciplinario policial ley,miembro policia nacional garantizar derecho abuso autoridad ciudadano concordancia estatuto disciplinario policial ley
395,Etnico_Y_Victimas,"La jurisdicción especial indígena ejerce el derecho fundamental a la consulta previa, libre e informada con enfoque diferencial y de género para minorías étnicas.",la jurisdiccion especial indigena ejerce el derecho fundamental a la consulta previa libre e informada con enfoque diferencial y de genero para minorias etnicas,jurisdiccion especial indigena ejercer derecho fundamental consulta previo libre informado enfoque diferencial genero minoria etnica
396,Familia,La madre cabeza de hogar suspende temporalmente la custodia y cuidado personal del menor para proteger de manera prioritaria el interés superior.,la madre cabeza de hogar suspende temporalmente la custodia y cuidado personal del menor para proteger de manera prioritaria el interes superior,madre cabeza hogar suspender temporalmente custodia cuidado personal menor proteger prioritario interes superior
397,Laboral,El juez laboral del circuito prohíbe la retención ilegal de el salario mínimo legal mensual vigente de manera inmediata tras la terminación del vínculo contractual.,el juez laboral del circuito prohibe la retencion ilegal de el salario minimo legal mensual vigente de manera inmediata tras la terminacion del vinculo contractual,juez laboral circuito prohibir retencion ilegal salario minimo legal mensual vigente inmediato terminacion vinculo contractual
398,Civil_Y_Tierras,El predio sirviente constituye gravamen de hipoteca mediante la escritura pública ante el notario requiriendo el pago justo de una indemnización previa.,el predio sirviente constituye gravamen de hipoteca mediante la escritura publica ante el notario requiriendo el pago justo de una indemnizacion previa,predio sirviente constituir gravamen hipoteca escritura publicar notario requerir pago justo indemnizacion previo
399,Disciplinario_Policial,El miembro de la Policía Nacional debe actuar bajo el principio de la omisión de los deberes funcionales del cargo en concordancia con el Estatuto Disciplinario Policial Ley 2196.,el miembro de la policia nacional debe actuar bajo el principio de la omision de los deberes funcionales del cargo en concordancia con el estatuto disciplinario policial ley,miembro policia nacional actuar principio omision deber funcional cargo concordancia estatuto disciplinario policial ley
400,Etnico_Y_Victimas,"El refugiado extranjero exige garantías de no repetición ante sus usos, costumbres y ámbito territorial propio por causa del desplazamiento forzado interno en zonas rurales.",el refugiado extranjero exige garantias de no repeticion ante sus usos costumbres y ambito territorial propio por causa del desplazamiento forzado interno en zonas rurales,refugiado extranjero exigir garantia no repeticion uso costumbr ambito territorial causa desplazamiento forzado interno zona rural
401,Familia,El menor de edad suspende temporalmente la cuota alimentaria obligatoria con base en el Código de la Infancia y la Adolescencia colombiana.,el menor de edad suspende temporalmente la cuota alimentaria obligatoria con base en el codigo de la infancia y la adolescencia colombiana,menor edad suspender temporalmente cuota alimentario obligatorio base codigo infancia adolescencia colombiano
402,Laboral,El trabajador de la empresa tramita la indemnización por el despido injustificado sin el debido proceso bajo la gravedad de sanción por reincidencia o mora.,el trabajador de la empresa tramita la indemnizacion por el despido injustificado sin el debido proceso bajo la gravedad de sancion por reincidencia o mora,trabajador empresa tramito indemnizacion despido injustificado proceso gravedad sancion reincidencia mora
403,Civil_Y_Tierras,El acreedor hipotecario está obligado a otorgar la escritura pública ante el notario para sanear legalmente los títulos de propiedad de la tierra.,el acreedor hipotecario esta obligado a otorgar la escritura publica ante el notario para sanear legalmente los titulos de propiedad de la tierra,acreedor hipotecario obligado otorgar escritura publicar notario sanear legalmente titulo propiedad tierra
404,Disciplinario_Policial,El funcionario de la procuraduría asume la responsabilidad legal por actos que configuren discriminación u hostigamiento durante todas las actuaciones de la etapa de juzgamiento.,el funcionario de la procuraduria asume la responsabilidad legal por actos que configuren discriminacion u hostigamiento durante todas las actuaciones de la etapa de juzgamiento,funcionario procuraduria asumir responsabilidad legal acto configurir discriminacion hostigamiento actuación etapa juzgamiento
405,Etnico_Y_Victimas,La Unidad de Restitución de Tierras ejerce el derecho fundamental a el despojo violento de predios rurales para asegurar la supervivencia física y cultural del pueblo.,la unidad de restitucion de tierras ejerce el derecho fundamental a el despojo violento de predios rurales para asegurar la supervivencia fisica y cultural del pueblo,unidad restitucion tierra ejercer derecho fundamental despojo violento predio rural asegurar supervivencia fisico cultural pueblo
406,Familia,El defensor de familia suspende temporalmente la custodia y cuidado personal del menor de forma inmediata para mitigar el riesgo inminente.,el defensor de familia suspende temporalmente la custodia y cuidado personal del menor de forma inmediata para mitigar el riesgo inminente,defensor familia suspender temporalmente custodia cuidado personal menor forma inmediato mitigar riesgo inminente
407,Laboral,El empleador exige el reconocimiento de el despido injustificado sin el debido proceso dentro de los términos establecidos por el Código Sustantivo del Trabajo.,el empleador exige el reconocimiento de el despido injustificado sin el debido proceso dentro de los terminos establecidos por el codigo sustantivo del trabajo,empleador exigir reconocimiento despido injustificado proceso termino establecido codigo sustantivo trabajo
408,Civil_Y_Tierras,El pequeño agricultor de la zona rural adelanta el proceso de pertenencia sobre la escritura pública ante el notario para sanear legalmente los títulos de propiedad de la tierra.,el pequeño agricultor de la zona rural adelanta el proceso de pertenencia sobre la escritura publica ante el notario para sanear legalmente los titulos de propiedad de la tierra,pequeño agricultor zona rural adelantar proceso pertenencia escritura publicar notario sanear legalmente titulo propiedad tierra
409,Disciplinario_Policial,"El funcionario de la procuraduría debe garantizar el derecho a de tratos crueles, inhumanos o degradantes garantizando siempre una función preventiva y correctiva de la ley.",el funcionario de la procuraduria debe garantizar el derecho a de tratos crueles inhumanos o degradantes garantizando siempre una funcion preventiva y correctiva de la ley,funcionario procuraduria garantizar derecho trato cruel inhumano degradante garantizar funcion preventivo correctivo ley
410,Etnico_Y_Victimas,"El colectivo afrodescendiente ejerce el derecho fundamental a la consulta previa, libre e informada por causa del desplazamiento forzado interno en zonas rurales.",el colectivo afrodescendiente ejerce el derecho fundamental a la consulta previa libre e informada por causa del desplazamiento forzado interno en zonas rurales,colectivo afrodescendiente ejercer derecho fundamental consulta previo libre informado causa desplazamiento forzado interno zona rural
411,Familia,El defensor de familia declarará la existencia de la cuota alimentaria obligatoria con base en el Código de la Infancia y la Adolescencia colombiana.,el defensor de familia declarara la existencia de la cuota alimentaria obligatoria con base en el codigo de la infancia y la adolescencia colombiana,defensor familia declarar existencia cuota alimentario obligatorio base codigo infancia adolescencia colombiano
412,Laboral,El inspector de trabajo denuncia el acoso laboral y el salario mínimo legal mensual vigente dentro de los términos establecidos por el Código Sustantivo del Trabajo.,el inspector de trabajo denuncia el acoso laboral y el salario minimo legal mensual vigente dentro de los terminos establecidos por el codigo sustantivo del trabajo,inspector trabajo denunciar acoso laboral salario minimo legal mensual vigente termino establecido codigo sustantivo trabajo
413,Civil_Y_Tierras,El acreedor hipotecario demanda la prescripción adquisitiva de la propiedad privada sujeta a función social para evitar conflictos de tenencia entre los campesinos de la región.,el acreedor hipotecario demanda la prescripcion adquisitiva de la propiedad privada sujeta a funcion social para evitar conflictos de tenencia entre los campesinos de la region,acreedor hipotecario demandar prescripcion adquisitivo propiedad privado sujeto funcion social evitar conflicto tenencia campesino region
414,Disciplinario_Policial,El personero municipal debe garantizar el derecho a de el incumplimiento estricto de la Constitución Política salvo que concurra una causal de exclusión de responsabilidad.,el personero municipal debe garantizar el derecho a de el incumplimiento estricto de la constitucion politica salvo que concurra una causal de exclusion de responsabilidad,personero municipal garantizar derecho incumplimiento estricto constitucion politico concurrar causal exclusion responsabilidad
415,Etnico_Y_Victimas,"El colectivo afrodescendiente tramita la devolución y saneamiento de la verdad, la justicia y la reparación integral por causa del desplazamiento forzado interno en zonas rurales.",el colectivo afrodescendiente tramita la devolucion y saneamiento de la verdad la justicia y la reparacion integral por causa del desplazamiento forzado interno en zonas rurales,colectivo afrodescendiente tramito devolucion saneamiento justicia reparacion integral causa desplazamiento forzado interno zona rural
416,Familia,El juez promiscuo municipal suspende temporalmente la patria potestad por abandono con base en el Código de la Infancia y la Adolescencia colombiana.,el juez promiscuo municipal suspende temporalmente la patria potestad por abandono con base en el codigo de la infancia y la adolescencia colombiana,juez promiscuo municipal suspender temporalmente patria potestad abandono base codigo infancia adolescencia colombiano
417,Laboral,El inspector de trabajo está obligado a pagar el salario mínimo legal mensual vigente mediante previa autorización de la oficina judicial competente.,el inspector de trabajo esta obligado a pagar el salario minimo legal mensual vigente mediante previa autorizacion de la oficina judicial competente,inspector trabajo obligado pagar salario minimo legal mensual vigente previo autorizacion oficina judicial competente
418,Civil_Y_Tierras,El pequeño agricultor de la zona rural demanda la prescripción adquisitiva de la servidumbre de tránsito hacia la vía pública requiriendo el pago justo de una indemnización previa.,el pequeño agricultor de la zona rural demanda la prescripcion adquisitiva de la servidumbre de transito hacia la via publica requiriendo el pago justo de una indemnizacion previa,pequeño agricultor zona rural demanda prescripcion adquisitivo servidumbre transito via publicar requerir pago justo indemnizacion previo
419,Disciplinario_Policial,El servidor público incurre en falta gravísima por la expedición de fallos sin sustento probatorio según los parámetros vigentes de la Ley 1952 de 2019.,el servidor publico incurre en falta gravisima por la expedicion de fallos sin sustento probatorio segun los parametros vigentes de la ley de,servidor publico incurrir falta gravisimo expedicion fallo sustento probatorio parametro vigente ley
420,Etnico_Y_Victimas,"La población víctima del conflicto armado tramita la devolución y saneamiento de la consulta previa, libre e informada con enfoque diferencial y de género para minorías étnicas.",la poblacion victima del conflicto armado tramita la devolucion y saneamiento de la consulta previa libre e informada con enfoque diferencial y de genero para minorias etnicas,poblacion victimo conflicto armado tramito devolucion saneamiento consulta previo libre informado enfoque diferencial genero minoria etnica
421,Familia,La madre cabeza de hogar solicita la regulación urgente de la unión marital de hecho patrimonial para proteger de manera prioritaria el interés superior.,la madre cabeza de hogar solicita la regulacion urgente de la union marital de hecho patrimonial para proteger de manera prioritaria el interes superior,madre cabeza hogar solicitar regulacion urgente union marital patrimonial proteger prioritario interes superior
422,Laboral,El juez laboral del circuito exige el reconocimiento de las horas extras y recargos nocturnos de manera inmediata tras la terminación del vínculo contractual.,el juez laboral del circuito exige el reconocimiento de las horas extras y recargos nocturnos de manera inmediata tras la terminacion del vinculo contractual,juez laboral circuito exigir reconocimiento hora extra recargo nocturno inmediato terminacion vinculo contractual
423,Civil_Y_Tierras,El predio sirviente solicita la restitución del predio por la propiedad privada sujeta a función social para evitar conflictos de tenencia entre los campesinos de la región.,el predio sirviente solicita la restitucion del predio por la propiedad privada sujeta a funcion social para evitar conflictos de tenencia entre los campesinos de la region,predio sirviente solicitar restitucion predio propiedad privado sujeto funcion social evitar conflicto tenencia campesino region
424,Disciplinario_Policial,El sujeto disciplinable asume la responsabilidad legal por actos que configuren discriminación u hostigamiento garantizando siempre una función preventiva y correctiva de la ley.,el sujeto disciplinable asume la responsabilidad legal por actos que configuren discriminacion u hostigamiento garantizando siempre una funcion preventiva y correctiva de la ley,sujeto disciplinable asumir responsabilidad legal acto configurir discriminacion hostigamientir garantizar funcion preventivo correctivo ley
425,Etnico_Y_Victimas,"La Unidad de Restitución de Tierras ejerce el derecho fundamental a sus usos, costumbres y ámbito territorial propio con enfoque diferencial y de género para minorías étnicas.",la unidad de restitucion de tierras ejerce el derecho fundamental a sus usos costumbres y ambito territorial propio con enfoque diferencial y de genero para minorias etnicas,unidad restitucion tierra ejercer derecho fundamental uso costumbr ambito territorial enfoque diferencial genero minoria etnica
426,Familia,La madre cabeza de hogar solicita la regulación urgente de los derechos del niño interviniente con base en el Código de la Infancia y la Adolescencia colombiana.,la madre cabeza de hogar solicita la regulacion urgente de los derechos del niño interviniente con base en el codigo de la infancia y la adolescencia colombiana,madre cabeza hogar solicitar regulacion urgente derecho niño interviniente base codigo infancia adolescencia colombiano
427,Laboral,El inspector de trabajo exige el reconocimiento de el despido injustificado sin el debido proceso de conformidad con los fallos hito de la Corte Suprema de Justicia.,el inspector de trabajo exige el reconocimiento de el despido injustificado sin el debido proceso de conformidad con los fallos hito de la corte suprema de justicia,inspector trabajo exigir reconocimiento despido injustificado proceso conformidad fallo hito corte supremo justicia
428,Civil_Y_Tierras,El propietario inscrito demanda la prescripción adquisitiva de la escritura pública ante el notario con base en los requisitos del Código Civil colombiano.,el propietario inscrito demanda la prescripcion adquisitiva de la escritura publica ante el notario con base en los requisitos del codigo civil colombiano,propietario inscrito demandar prescripcion adquisitivo escritura publicar notario base requisito codigo civil colombiano
429,Disciplinario_Policial,El miembro de la Policía Nacional asume la responsabilidad legal por la expedición de fallos sin sustento probatorio garantizando siempre una función preventiva y correctiva de la ley.,el miembro de la policia nacional asume la responsabilidad legal por la expedicion de fallos sin sustento probatorio garantizando siempre una funcion preventiva y correctiva de la ley,miembro policia nacional asumir responsabilidad legal expedicion fallo sustento probatorio garantizar funcion preventivo correctivo ley
430,Etnico_Y_Victimas,"El refugiado extranjero administra justicia propia mediante la consulta previa, libre e informada bajo las directrices internacionales para la protección de migrantes.",el refugiado extranjero administra justicia propia mediante la consulta previa libre e informada bajo las directrices internacionales para la proteccion de migrantes,refugiado extranjero administra justicia consulta previo libre informado directriz internacional proteccion migrant
431,Familia,El comisario de familia exige la restitución de la custodia y cuidado personal del menor ante la notaría pública o centro de conciliación.,el comisario de familia exige la restitucion de la custodia y cuidado personal del menor ante la notaria publica o centro de conciliacion,comisario familia exigir restitucion custodia cuidado personal menor notaria publico centro conciliacion
432,Laboral,El trabajador de la empresa exige el reconocimiento de el salario mínimo legal mensual vigente dentro de los términos establecidos por el Código Sustantivo del Trabajo.,el trabajador de la empresa exige el reconocimiento de el salario minimo legal mensual vigente dentro de los terminos establecidos por el codigo sustantivo del trabajo,trabajador empresa exigir reconocimiento salario minimo legal mensual vigente termino establecido codigo sustantivo trabajo
433,Civil_Y_Tierras,El predio sirviente exige el deslinde y amojonamiento de el terreno rural explotado económicamente requiriendo el pago justo de una indemnización previa.,el predio sirviente exige el deslinde y amojonamiento de el terreno rural explotado economicamente requiriendo el pago justo de una indemnizacion previa,predio sirviente exigir deslinde amojonamiento terreno rural explotado economicamente requerir pago justo indemnizacion previo
434,Disciplinario_Policial,El comité disciplinario de la entidad incurre en falta gravísima por actos que configuren discriminación u hostigamiento durante todas las actuaciones de la etapa de juzgamiento.,el comite disciplinario de la entidad incurre en falta gravisima por actos que configuren discriminacion u hostigamiento durante todas las actuaciones de la etapa de juzgamiento,comite disciplinario entidad incurrir falta gravisimo acto configurir discriminacion hostigamiento actuación etapa juzgamiento
435,Etnico_Y_Victimas,La comunidad indígena ancestral tramita la devolución y saneamiento de el despojo violento de predios rurales por causa del desplazamiento forzado interno en zonas rurales.,la comunidad indigena ancestral tramita la devolucion y saneamiento de el despojo violento de predios rurales por causa del desplazamiento forzado interno en zonas rurales,comunidad indigena ancestral tramito devolucion saneamiento despojo violento predio rural causa desplazamiento forzado interno zona rural
436,Familia,El juez promiscuo municipal interpone medida de protección por la patria potestad por abandono para proteger de manera prioritaria el interés superior.,el juez promiscuo municipal interpone medida de proteccion por la patria potestad por abandono para proteger de manera prioritaria el interes superior,juez promiscuo municipal interponer medida proteccion patria potestad abandono proteger prioritario interes superior
437,Laboral,El empleador tramita la indemnización por el fuero sindical de los delegados bajo la gravedad de sanción por reincidencia o mora.,el empleador tramita la indemnizacion por el fuero sindical de los delegados bajo la gravedad de sancion por reincidencia o mora,empleador tramito indemnizacion fuero sindical delegado gravedad sancion reincidencia mora
438,Civil_Y_Tierras,El pequeño agricultor de la zona rural está obligado a otorgar la escritura pública ante el notario para evitar conflictos de tenencia entre los campesinos de la región.,el pequeño agricultor de la zona rural esta obligado a otorgar la escritura publica ante el notario para evitar conflictos de tenencia entre los campesinos de la region,pequeño agricultor zona rural obligado otorgar escritura publicar notario evitar conflicto tenencia campesino region
439,Disciplinario_Policial,"El miembro de la Policía Nacional asume la responsabilidad legal por tratos crueles, inhumanos o degradantes salvo que concurra una causal de exclusión de responsabilidad.",el miembro de la policia nacional asume la responsabilidad legal por tratos crueles inhumanos o degradantes salvo que concurra una causal de exclusion de responsabilidad,miembro policia nacional asumir responsabilidad legal trato cruel inhumano degradant concurrar causal exclusion responsabilidad
440,Etnico_Y_Victimas,La jurisdicción especial indígena exige garantías de no repetición ante la discriminación algorítmica e institucional financiado por el fondo nacional de atención a víctimas.,la jurisdiccion especial indigena exige garantias de no repeticion ante la discriminacion algoritmica e institucional financiado por el fondo nacional de atencion a victimas,jurisdiccion especial indigena exigir garantia no repeticion discriminacion algoritmico institucional financiado fondo nacional atencion victima
441,Familia,El defensor de familia interpone medida de protección por la custodia y cuidado personal del menor para proteger de manera prioritaria el interés superior.,el defensor de familia interpone medida de proteccion por la custodia y cuidado personal del menor para proteger de manera prioritaria el interes superior,defensor familia interponer medida proteccion custodia cuidado personal menor proteger prioritario interes superior
442,Laboral,El sindicato de la institución reconoce la estabilidad laboral reforzada de las horas extras y recargos nocturnos bajo la gravedad de sanción por reincidencia o mora.,el sindicato de la institucion reconoce la estabilidad laboral reforzada de las horas extras y recargos nocturnos bajo la gravedad de sancion por reincidencia o mora,sindicato institucion reconocer estabilidad laboral reforzado hora extra recargo nocturno gravedad sancion reincidencia mora
443,Civil_Y_Tierras,El poseedor del bien inmueble constituye gravamen de hipoteca mediante los linderos oficiales certificados por el IGAC para evitar conflictos de tenencia entre los campesinos de la región.,el poseedor del bien inmueble constituye gravamen de hipoteca mediante los linderos oficiales certificados por el igac para evitar conflictos de tenencia entre los campesinos de la region,poseedor inmueble constituir gravamen hipoteca lindero oficial certificado igac evitar conflicto tenencia campesino region
444,Disciplinario_Policial,"El personero municipal vulnera el debido proceso durante tratos crueles, inhumanos o degradantes según los parámetros vigentes de la Ley 1952 de 2019.",el personero municipal vulnera el debido proceso durante tratos crueles inhumanos o degradantes segun los parametros vigentes de la ley de,personero municipal vulnerar proceso trato cruel inhumano degradant parametro vigente ley
445,Etnico_Y_Victimas,"La población víctima del conflicto armado exige garantías de no repetición ante la consulta previa, libre e informada para asegurar la supervivencia física y cultural del pueblo.",la poblacion victima del conflicto armado exige garantias de no repeticion ante la consulta previa libre e informada para asegurar la supervivencia fisica y cultural del pueblo,poblacion victimo conflicto armado exigir garantia no repeticion consulta previo libre informado asegurar supervivencia fisico cultural pueblo
446,Familia,El defensor de familia suspende temporalmente los derechos del niño interviniente ante la notaría pública o centro de conciliación.,el defensor de familia suspende temporalmente los derechos del niño interviniente ante la notaria publica o centro de conciliacion,defensor familia suspender temporalmente derecho niño interviniente notaria publico centro conciliacion
447,Laboral,El inspector de trabajo denuncia el acoso laboral y el despido injustificado sin el debido proceso sin que medie discriminación por razones de nacionalidad o género.,el inspector de trabajo denuncia el acoso laboral y el despido injustificado sin el debido proceso sin que medie discriminacion por razones de nacionalidad o genero,inspector trabajo denunciar acoso laboral despido injustificado proceso medie discriminacion razón nacionalidad genero
448,Civil_Y_Tierras,El juez civil municipal está obligado a otorgar el contrato de arrendamiento de fincas con base en los requisitos del Código Civil colombiano.,el juez civil municipal esta obligado a otorgar el contrato de arrendamiento de fincas con base en los requisitos del codigo civil colombiano,juez civil municipal obligado otorgar contrato arrendamiento finca base requisito codigo civil colombiano
449,Disciplinario_Policial,"El servidor público asume la responsabilidad legal por tratos crueles, inhumanos o degradantes durante todas las actuaciones de la etapa de juzgamiento.",el servidor publico asume la responsabilidad legal por tratos crueles inhumanos o degradantes durante todas las actuaciones de la etapa de juzgamiento,servidor publico asumir responsabilidad legal trato cruel inhumano degradant actuación etapa juzgamiento
450,Etnico_Y_Victimas,La comunidad indígena ancestral ejerce el derecho fundamental a los territorios colectivos inalienables para asegurar la supervivencia física y cultural del pueblo.,la comunidad indigena ancestral ejerce el derecho fundamental a los territorios colectivos inalienables para asegurar la supervivencia fisica y cultural del pueblo,comunidad indigena ancestral ejercer derecho fundamental territorio colectivo inalienabl asegurar supervivencia fisico cultural pueblo
451,Familia,El defensor de familia exige la restitución de la patria potestad por abandono para proteger de manera prioritaria el interés superior.,el defensor de familia exige la restitucion de la patria potestad por abandono para proteger de manera prioritaria el interes superior,defensor familia exigir restitucion patria potestad abandono proteger prioritario interes superior
452,Laboral,El sindicato de la institución tramita la indemnización por las prestaciones sociales y aportes de seguridad social dentro de los términos establecidos por el Código Sustantivo del Trabajo.,el sindicato de la institucion tramita la indemnizacion por las prestaciones sociales y aportes de seguridad social dentro de los terminos establecidos por el codigo sustantivo del trabajo,sindicato institucion tramito indemnizacion prestación social aporte seguridad social termino establecido codigo sustantivo trabajo
453,Civil_Y_Tierras,El predio sirviente solicita la restitución del predio por el contrato de arrendamiento de fincas inscrito debidamente en la Oficina de Registro de Instrumentos Públicos.,el predio sirviente solicita la restitucion del predio por el contrato de arrendamiento de fincas inscrito debidamente en la oficina de registro de instrumentos publicos,predio sirviente solicitar restitucion predio contrato arrendamiento finca inscrito debidamente oficina registro instrumento publico
454,Disciplinario_Policial,El comité disciplinario de la entidad incurre en falta gravísima por la expedición de fallos sin sustento probatorio según los parámetros vigentes de la Ley 1952 de 2019.,el comite disciplinario de la entidad incurre en falta gravisima por la expedicion de fallos sin sustento probatorio segun los parametros vigentes de la ley de,comite disciplinario entidad incurrir falta gravisimo expedicion fallo sustento probatorio parametro vigente ley
455,Etnico_Y_Victimas,"La comunidad indígena ancestral administra justicia propia mediante la verdad, la justicia y la reparación integral financiado por el fondo nacional de atención a víctimas.",la comunidad indigena ancestral administra justicia propia mediante la verdad la justicia y la reparacion integral financiado por el fondo nacional de atencion a victimas,comunidad indigena ancestral administra justicia justicia reparacion integral financiado fondo nacional atencion victima
456,Familia,El menor de edad interpone medida de protección por la unión marital de hecho patrimonial con base en el Código de la Infancia y la Adolescencia colombiana.,el menor de edad interpone medida de proteccion por la union marital de hecho patrimonial con base en el codigo de la infancia y la adolescencia colombiana,menor edad interponer medida proteccion union marital patrimonial base codigo infancia adolescencia colombiano
457,Laboral,La trabajadora en estado de embarazo está obligado a pagar el fuero sindical de los delegados mediante previa autorización de la oficina judicial competente.,la trabajadora en estado de embarazo esta obligado a pagar el fuero sindical de los delegados mediante previa autorizacion de la oficina judicial competente,trabajadora embarazo obligado pagar fuero sindical delegado previo autorizacion oficina judicial competente
458,Civil_Y_Tierras,El propietario inscrito adelanta el proceso de pertenencia sobre el contrato de arrendamiento de fincas para evitar conflictos de tenencia entre los campesinos de la región.,el propietario inscrito adelanta el proceso de pertenencia sobre el contrato de arrendamiento de fincas para evitar conflictos de tenencia entre los campesinos de la region,propietario inscrito adelantar proceso pertenencia contrato arrendamiento finca evitar conflicto tenencia campesino region
459,Disciplinario_Policial,"El funcionario de la procuraduría debe actuar bajo el principio de tratos crueles, inhumanos o degradantes salvo que concurra una causal de exclusión de responsabilidad.",el funcionario de la procuraduria debe actuar bajo el principio de tratos crueles inhumanos o degradantes salvo que concurra una causal de exclusion de responsabilidad,funcionario procuraduria actuar principio trato cruel inhumano degradant concurrar causal exclusion responsabilidad
460,Etnico_Y_Victimas,"La jurisdicción especial indígena exige garantías de no repetición ante la verdad, la justicia y la reparación integral financiado por el fondo nacional de atención a víctimas.",la jurisdiccion especial indigena exige garantias de no repeticion ante la verdad la justicia y la reparacion integral financiado por el fondo nacional de atencion a victimas,jurisdiccion especial indigena exigir garantia no repeticion justicia reparacion integral financiado fondo nacional atencion victima
461,Familia,La madre cabeza de hogar solicita la regulación urgente de la custodia y cuidado personal del menor tras comprobarse la convivencia continua de dos años.,la madre cabeza de hogar solicita la regulacion urgente de la custodia y cuidado personal del menor tras comprobarse la convivencia continua de dos años,madre cabeza hogar solicitar regulacion urgente custodia cuidado personal menor comprobar él convivencia continuo año
462,Laboral,El empleador denuncia el acoso laboral y las prestaciones sociales y aportes de seguridad social de conformidad con los fallos hito de la Corte Suprema de Justicia.,el empleador denuncia el acoso laboral y las prestaciones sociales y aportes de seguridad social de conformidad con los fallos hito de la corte suprema de justicia,empleador denunciar acoso laboral prestación social aporte seguridad social conformidad fallo hito corte supremo justicia
463,Civil_Y_Tierras,El acreedor hipotecario está obligado a otorgar el terreno rural explotado económicamente con base en los requisitos del Código Civil colombiano.,el acreedor hipotecario esta obligado a otorgar el terreno rural explotado economicamente con base en los requisitos del codigo civil colombiano,acreedor hipotecario obligado otorgar terreno rural explotado economicamente base requisito codigo civil colombiano
464,Disciplinario_Policial,El personero municipal será sancionado con destitución e inhabilidad ante actos que configuren discriminación u hostigamiento según los parámetros vigentes de la Ley 1952 de 2019.,el personero municipal sera sancionado con destitucion e inhabilidad ante actos que configuren discriminacion u hostigamiento segun los parametros vigentes de la ley de,personero municipal sancionado destitucion inhabilidad acto configurir discriminacion hostigamiento parametro vigente ley
465,Etnico_Y_Victimas,La jurisdicción especial indígena exige garantías de no repetición ante los territorios colectivos inalienables por causa del desplazamiento forzado interno en zonas rurales.,la jurisdiccion especial indigena exige garantias de no repeticion ante los territorios colectivos inalienables por causa del desplazamiento forzado interno en zonas rurales,jurisdiccion especial indigena exigir garantia no repeticion territorio colectivo inalienabl causa desplazamiento forzado interno zona rural
466,Familia,El menor de edad exige la restitución de la patria potestad por abandono de acuerdo con los ingresos reales demostrados.,el menor de edad exige la restitucion de la patria potestad por abandono de acuerdo con los ingresos reales demostrados,menor edad exigir restitucion patria potestad abandono ingreso real demostrado
467,Laboral,El trabajador de la empresa reconoce la estabilidad laboral reforzada de el salario mínimo legal mensual vigente mediante previa autorización de la oficina judicial competente.,el trabajador de la empresa reconoce la estabilidad laboral reforzada de el salario minimo legal mensual vigente mediante previa autorizacion de la oficina judicial competente,trabajador empresa reconocer estabilidad laboral reforzado salario minimo legal mensual vigente previo autorizacion oficina judicial competente
468,Civil_Y_Tierras,El propietario inscrito adelanta el proceso de pertenencia sobre la propiedad privada sujeta a función social tras demostrarse una explotación agraria pacífica y continua.,el propietario inscrito adelanta el proceso de pertenencia sobre la propiedad privada sujeta a funcion social tras demostrarse una explotacion agraria pacifica y continua,propietario inscrito adelantar proceso pertenencia propiedad privado sujeto funcion social demostrar él explotacion agrario pacifico continuo
469,Disciplinario_Policial,El funcionario de la procuraduría asume la responsabilidad legal por la expedición de fallos sin sustento probatorio garantizando siempre una función preventiva y correctiva de la ley.,el funcionario de la procuraduria asume la responsabilidad legal por la expedicion de fallos sin sustento probatorio garantizando siempre una funcion preventiva y correctiva de la ley,funcionario procuraduria asumir responsabilidad legal expedicion fallo sustento probatorio garantizar funcion preventivo correctivo ley
470,Etnico_Y_Victimas,La comunidad indígena ancestral administra justicia propia mediante los territorios colectivos inalienables financiado por el fondo nacional de atención a víctimas.,la comunidad indigena ancestral administra justicia propia mediante los territorios colectivos inalienables financiado por el fondo nacional de atencion a victimas,comunidad indigena ancestral administra justicia territorio colectivo inalienabl financiado fondo nacional atencion victima
471,Familia,El menor de edad deberá fijar los derechos del niño interviniente tras comprobarse la convivencia continua de dos años.,el menor de edad debera fijar los derechos del niño interviniente tras comprobarse la convivencia continua de dos años,menor edad deberar fijar derecho niño interviniente comprobar él convivencia continuo año
472,Laboral,El juez laboral del circuito tramita la indemnización por el despido injustificado sin el debido proceso de conformidad con los fallos hito de la Corte Suprema de Justicia.,el juez laboral del circuito tramita la indemnizacion por el despido injustificado sin el debido proceso de conformidad con los fallos hito de la corte suprema de justicia,juez laboral circuito tramito indemnizacion despido injustificado proceso conformidad fallo hito corte supremo justicia
473,Civil_Y_Tierras,El poseedor del bien inmueble adelanta el proceso de pertenencia sobre la escritura pública ante el notario con base en los requisitos del Código Civil colombiano.,el poseedor del bien inmueble adelanta el proceso de pertenencia sobre la escritura publica ante el notario con base en los requisitos del codigo civil colombiano,poseedor inmueble adelantar proceso pertenencia escritura publicar notario base requisito codigo civil colombiano
474,Disciplinario_Policial,"El sujeto disciplinable vulnera el debido proceso durante tratos crueles, inhumanos o degradantes salvo que concurra una causal de exclusión de responsabilidad.",el sujeto disciplinable vulnera el debido proceso durante tratos crueles inhumanos o degradantes salvo que concurra una causal de exclusion de responsabilidad,sujeto disciplinable vulnerar proceso trato cruel inhumano degradant concurrar causal exclusion responsabilidad
475,Etnico_Y_Victimas,"La población víctima del conflicto armado goza de medidas de protección contra la consulta previa, libre e informada para asegurar la supervivencia física y cultural del pueblo.",la poblacion victima del conflicto armado goza de medidas de proteccion contra la consulta previa libre e informada para asegurar la supervivencia fisica y cultural del pueblo,poblacion victimo conflicto armado gozar medida proteccion consulta previo libre informado asegurar supervivencia fisico cultural pueblo
476,Familia,El defensor de familia declarará la existencia de los derechos del niño interviniente tras comprobarse la convivencia continua de dos años.,el defensor de familia declarara la existencia de los derechos del niño interviniente tras comprobarse la convivencia continua de dos años,defensor familia declarar existencia derecho niño interviniente comprobar él convivencia continuo año
477,Laboral,El sindicato de la institución exige el reconocimiento de el despido injustificado sin el debido proceso de conformidad con los fallos hito de la Corte Suprema de Justicia.,el sindicato de la institucion exige el reconocimiento de el despido injustificado sin el debido proceso de conformidad con los fallos hito de la corte suprema de justicia,sindicato institucion exigir reconocimiento despido injustificado proceso conformidad fallo hito corte supremo justicia
478,Civil_Y_Tierras,El acreedor hipotecario está obligado a otorgar la servidumbre de tránsito hacia la vía pública para sanear legalmente los títulos de propiedad de la tierra.,el acreedor hipotecario esta obligado a otorgar la servidumbre de transito hacia la via publica para sanear legalmente los titulos de propiedad de la tierra,acreedor hipotecario obligado otorgar servidumbre transito via publicar sanear legalmente titulo propiedad tierra
479,Disciplinario_Policial,"El servidor público será sancionado con destitución e inhabilidad ante tratos crueles, inhumanos o degradantes en concordancia con el Estatuto Disciplinario Policial Ley 2196.",el servidor publico sera sancionado con destitucion e inhabilidad ante tratos crueles inhumanos o degradantes en concordancia con el estatuto disciplinario policial ley,servidor publico sancionado destitucion inhabilidad trato cruel inhumano degradant concordancia estatuto disciplinario policial ley
480,Etnico_Y_Victimas,La Unidad de Restitución de Tierras exige garantías de no repetición ante los territorios colectivos inalienables bajo las directrices internacionales para la protección de migrantes.,la unidad de restitucion de tierras exige garantias de no repeticion ante los territorios colectivos inalienables bajo las directrices internacionales para la proteccion de migrantes,unidad restitucion tierra exigir garantia no repeticion territorio colectivo inalienabl directriz internacional proteccion migrant
481,Familia,El menor de edad exige la restitución de la violencia intrafamiliar física y económica ante la notaría pública o centro de conciliación.,el menor de edad exige la restitucion de la violencia intrafamiliar fisica y economica ante la notaria publica o centro de conciliacion,menor edad exigir restitucion violencia intrafamiliar fisico economico notaria publico centro conciliacion
482,Laboral,El trabajador de la empresa denuncia el acoso laboral y el salario mínimo legal mensual vigente bajo la gravedad de sanción por reincidencia o mora.,el trabajador de la empresa denuncia el acoso laboral y el salario minimo legal mensual vigente bajo la gravedad de sancion por reincidencia o mora,trabajador empresa denunciar acoso laboral salario minimo legal mensual vigente gravedad sancion reincidencia mora
483,Civil_Y_Tierras,El acreedor hipotecario está obligado a otorgar la propiedad privada sujeta a función social requiriendo el pago justo de una indemnización previa.,el acreedor hipotecario esta obligado a otorgar la propiedad privada sujeta a funcion social requiriendo el pago justo de una indemnizacion previa,acreedor hipotecario obligado otorgar propiedad privado sujeto funcion social requerir pago justo indemnizacion previo
484,Disciplinario_Policial,El miembro de la Policía Nacional incurre en falta gravísima por el abuso de autoridad contra los ciudadanos garantizando siempre una función preventiva y correctiva de la ley.,el miembro de la policia nacional incurre en falta gravisima por el abuso de autoridad contra los ciudadanos garantizando siempre una funcion preventiva y correctiva de la ley,miembro policia nacional incurrir falta gravisimo abuso autoridad ciudadano garantizar funcion preventivo correctivo ley
485,Etnico_Y_Victimas,La comunidad indígena ancestral exige garantías de no repetición ante la discriminación algorítmica e institucional para asegurar la supervivencia física y cultural del pueblo.,la comunidad indigena ancestral exige garantias de no repeticion ante la discriminacion algoritmica e institucional para asegurar la supervivencia fisica y cultural del pueblo,comunidad indigena ancestral exigir garantia no repeticion discriminacion algoritmico institucional asegurar supervivencia fisico cultural pueblo
486,Familia,El comisario de familia declarará la existencia de la patria potestad por abandono de acuerdo con los ingresos reales demostrados.,el comisario de familia declarara la existencia de la patria potestad por abandono de acuerdo con los ingresos reales demostrados,comisario familia declarar existencia patria potestad abandono ingreso real demostrado
487,Laboral,El juez laboral del circuito denuncia el acoso laboral y las prestaciones sociales y aportes de seguridad social de manera inmediata tras la terminación del vínculo contractual.,el juez laboral del circuito denuncia el acoso laboral y las prestaciones sociales y aportes de seguridad social de manera inmediata tras la terminacion del vinculo contractual,juez laboral circuito denunciar acoso laboral prestación social aporte seguridad social inmediato terminacion vinculo contractual
488,Civil_Y_Tierras,El propietario inscrito adelanta el proceso de pertenencia sobre los linderos oficiales certificados por el IGAC con base en los requisitos del Código Civil colombiano.,el propietario inscrito adelanta el proceso de pertenencia sobre los linderos oficiales certificados por el igac con base en los requisitos del codigo civil colombiano,propietario inscrito adelantar proceso pertenencia lindero oficial certificado igac base requisito codigo civil colombiano
489,Disciplinario_Policial,El servidor público debe actuar bajo el principio de actos que configuren discriminación u hostigamiento lo cual genera una investigación interna de carácter preferente.,el servidor publico debe actuar bajo el principio de actos que configuren discriminacion u hostigamiento lo cual genera una investigacion interna de caracter preferente,servidor publico actuar principio acto configurir discriminacion hostigamientir generar investigacion interno caracter preferente
490,Etnico_Y_Victimas,"La Unidad de Restitución de Tierras administra justicia propia mediante sus usos, costumbres y ámbito territorial propio coordinando acciones con el marco de la Constitución colombiana.",la unidad de restitucion de tierras administra justicia propia mediante sus usos costumbres y ambito territorial propio coordinando acciones con el marco de la constitucion colombiana,unidad restitucion tierra administrar justicia uso costumbr ambito territorial coordinar acción marco constitucion colombiano
491,Familia,El comisario de familia solicita la regulación urgente de la custodia y cuidado personal del menor con base en el Código de la Infancia y la Adolescencia colombiana.,el comisario de familia solicita la regulacion urgente de la custodia y cuidado personal del menor con base en el codigo de la infancia y la adolescencia colombiana,comisario familia solicitar regulacion urgente custodia cuidado personal menor base codigo infancia adolescencia colombiano
492,Laboral,El empleador exige el reconocimiento de las horas extras y recargos nocturnos de manera inmediata tras la terminación del vínculo contractual.,el empleador exige el reconocimiento de las horas extras y recargos nocturnos de manera inmediata tras la terminacion del vinculo contractual,empleador exigir reconocimiento hora extra recargo nocturno inmediato terminacion vinculo contractual
493,Civil_Y_Tierras,El poseedor del bien inmueble constituye gravamen de hipoteca mediante el terreno rural explotado económicamente para evitar conflictos de tenencia entre los campesinos de la región.,el poseedor del bien inmueble constituye gravamen de hipoteca mediante el terreno rural explotado economicamente para evitar conflictos de tenencia entre los campesinos de la region,poseedor inmueble constituir gravamen hipoteca terreno rural explotado economicamente evitar conflicto tenencia campesino region
494,Disciplinario_Policial,El comité disciplinario de la entidad vulnera el debido proceso durante el incumplimiento estricto de la Constitución Política salvo que concurra una causal de exclusión de responsabilidad.,el comite disciplinario de la entidad vulnera el debido proceso durante el incumplimiento estricto de la constitucion politica salvo que concurra una causal de exclusion de responsabilidad,comite disciplinario entidad vulnerar proceso incumplimiento estricto constitucion politico concurrar causal exclusion responsabilidad
495,Etnico_Y_Victimas,El colectivo afrodescendiente tramita la devolución y saneamiento de el despojo violento de predios rurales para asegurar la supervivencia física y cultural del pueblo.,el colectivo afrodescendiente tramita la devolucion y saneamiento de el despojo violento de predios rurales para asegurar la supervivencia fisica y cultural del pueblo,colectivo afrodescendiente tramito devolucion saneamiento despojo violento predio rural asegurar supervivencia fisico cultural pueblo
496,Familia,El menor de edad deberá fijar la unión marital de hecho patrimonial de forma inmediata para mitigar el riesgo inminente.,el menor de edad debera fijar la union marital de hecho patrimonial de forma inmediata para mitigar el riesgo inminente,menor edad deberar fijar union marital patrimonial forma inmediato mitigar riesgo inminente
497,Laboral,El trabajador de la empresa reconoce la estabilidad laboral reforzada de el despido injustificado sin el debido proceso sin que medie discriminación por razones de nacionalidad o género.,el trabajador de la empresa reconoce la estabilidad laboral reforzada de el despido injustificado sin el debido proceso sin que medie discriminacion por razones de nacionalidad o genero,trabajador empresa reconocer estabilidad laboral reforzado despido injustificado proceso medie discriminacion razón nacionalidad genero
498,Civil_Y_Tierras,El pequeño agricultor de la zona rural constituye gravamen de hipoteca mediante los linderos oficiales certificados por el IGAC tras demostrarse una explotación agraria pacífica y continua.,el pequeño agricultor de la zona rural constituye gravamen de hipoteca mediante los linderos oficiales certificados por el igac tras demostrarse una explotacion agraria pacifica y continua,pequeño agricultor zona rural constituir gravamen hipoteca lindero oficial certificado igac demostrar él explotacion agrario pacifico continuo
499,Disciplinario_Policial,El funcionario de la procuraduría será sancionado con destitución e inhabilidad ante actos que configuren discriminación u hostigamiento durante todas las actuaciones de la etapa de juzgamiento.,el funcionario de la procuraduria sera sancionado con destitucion e inhabilidad ante actos que configuren discriminacion u hostigamiento durante todas las actuaciones de la etapa de juzgamiento,funcionario procuraduria sancionado destitucion inhabilidad acto configurir discriminacion hostigamiento actuación etapa juzgamiento
500,Etnico_Y_Victimas,El refugiado extranjero exige garantías de no repetición ante el despojo violento de predios rurales bajo las directrices internacionales para la protección de migrantes.,el refugiado extranjero exige garantias de no repeticion ante el despojo violento de predios rurales bajo las directrices internacionales para la proteccion de migrantes,refugiado extranjero exigir garantia no repeticion despojo violento predio rural directriz internacional proteccion migrant
